,C,gr,dE,sig,SaSi,alpha,beta,gamma,NrObs,ObsSig,Obs,AVG LenTraj,STD LenTraj,Rop,AvgRop,AVG Rew,STD Rew,NrX,AllConverged,ds,l,r,STDr,STDl,rl,EquiP,OrderP,rop
0,9.0,0.8,0.2,0.5,100.0,0.02,250.0,0.9,1.0,[9],"[[0, 1, 2, 3, 4, 5, 6, 7, 8]]",196.68,36.151,1.747,1.783,0.253,0.0,1.0,True,[],0.1969622733953943,-0.8546812176909822,0.0,0.14760329903642008,-0.0,9,72,0.003446295232624852
1,9.0,0.8,0.2,0.5,100.0,0.02,250.0,0.9,2.0,"[8, 1]","[[0, 1, 2, 3, 4, 5, 6, 7], [8]]",195.76,35.575,1.747,1.783,0.253,0.0,1.0,True,[],0.20071860199248737,-0.8546812176909822,0.0,0.14525151069737058,-0.0,8,448,0.003446295232624852
2,9.0,0.8,0.2,0.5,100.0,0.02,250.0,0.9,2.0,"[7, 2]","[[0, 1, 2, 3, 4, 5, 6], [7, 8]]",197.37,42.245,1.747,1.783,0.552,0.39,4.0,True,"[1.1313708498984762, 1.1532562594670797, 1.0535653752852738, 0.09999999999999998, 0.17320508075688767, 0.14142135623730948]",0.19414502694757463,-0.6829408385985065,0.22400919012062032,0.1724848930262943,-0.0,14,301,0.003446295232624852
3,9.0,0.8,0.2,0.5,100.0,0.02,250.0,0.9,3.0,"[7, 1, 1]","[[0, 1, 2, 3, 4, 5, 6], [7], [8]]",183.54,41.971,1.747,1.783,1.136,0.578,2.0,True,[0.6480740698407861],0.2506124448799608,-0.34750143595634697,0.3319931074095347,0.17136616037889923,-0.0,7,2058,0.003446295232624852
4,9.0,0.8,0.2,0.5,100.0,0.02,250.0,0.9,2.0,"[6, 3]","[[0, 1, 2, 3, 4, 5], [6, 7, 8]]",186.5,47.519,1.747,1.783,0.886,0.475,2.0,True,[1.1313708498984762],0.23852686591540095,-0.4910970706490523,0.27283170591614014,0.19401845500571616,-0.0,18,192,0.003446295232624852
5,9.0,0.8,0.2,0.5,100.0,0.02,250.0,0.9,3.0,"[6, 2, 1]","[[0, 1, 2, 3, 4, 5], [6, 7], [8]]",187.56,46.278,1.747,1.783,0.964,0.58,2.0,True,[1.2649110640673518],0.2341989220970112,-0.4462952326249282,0.33314187248707633,0.18895149436550712,-0.0,12,1116,0.003446295232624852
6,9.0,0.8,0.2,0.5,100.0,0.02,250.0,0.9,3.0,"[6, 1, 2]","[[0, 1, 2, 3, 4, 5], [6], [7, 8]]",163.8,41.401,1.747,1.783,1.26,0.691,2.0,True,[0.7874007874011811],0.3312101910828025,-0.2762780011487651,0.39689833429063753,0.1690388698350482,-0.0,12,1086,0.003446295232624852
7,9.0,0.8,0.2,0.5,100.0,0.02,250.0,0.9,4.0,"[6, 1, 1, 1]","[[0, 1, 2, 3, 4, 5], [6], [7], [8]]",174.95,44.211,1.747,1.783,1.334,0.657,2.0,True,[1.5556349186104046],0.2856851216723828,-0.2337736932797243,0.3773693279724296,0.18051200391964722,-0.0,6,6480,0.003446295232624852
8,9.0,0.8,0.2,0.5,100.0,0.02,250.0,0.9,2.0,"[5, 4]","[[0, 1, 2, 3, 4], [5, 6, 7, 8]]",168.1,43.019,1.747,1.783,0.832,0.493,2.0,True,[1.1575836902790226],0.3136534378572595,-0.5221137277426766,0.2831705916140149,0.17564510860689206,-0.0,20,115,0.003446295232624852
9,9.0,0.8,0.2,0.5,100.0,0.02,250.0,0.9,3.0,"[5, 3, 1]","[[0, 1, 2, 3, 4], [5, 6, 7], [8]]",156.73,38.355,1.747,1.783,0.982,0.512,2.0,True,[1.2041594578792296],0.36007675975828846,-0.43595634692705343,0.29408385985066055,0.15660215580597744,-0.0,15,550,0.003446295232624852
10,9.0,0.8,0.2,0.5,100.0,0.02,250.0,0.9,3.0,"[5, 2, 2]","[[0, 1, 2, 3, 4], [5, 6], [7, 8]]",147.0,47.686,1.747,1.783,1.103,0.679,2.0,True,[1.0862780491200217],0.39980401763841256,-0.3664560597357841,0.3900057438253877,0.19470031030540585,-0.0,20,530,0.003446295232624852
11,9.0,0.8,0.2,0.5,100.0,0.02,250.0,0.9,4.0,"[5, 2, 1, 1]","[[0, 1, 2, 3, 4], [5, 6], [7], [8]]",156.66,42.414,1.747,1.783,1.06,0.687,2.0,True,[1.0862780491200217],0.3603625673689368,-0.39115450890292935,0.39460080413555426,0.17317491425771683,-0.0,10,2625,0.003446295232624852
12,9.0,0.8,0.2,0.5,100.0,0.02,250.0,0.9,3.0,"[5, 1, 3]","[[0, 1, 2, 3, 4], [5], [6, 7, 8]]",124.08,55.023,1.747,1.783,1.231,0.671,2.0,True,[1.6911534525287764],0.49338559529642334,-0.29293509477311885,0.3854106835152211,0.22465703086722197,-0.0,15,510,0.003446295232624852
13,9.0,0.8,0.2,0.5,100.0,0.02,250.0,0.9,4.0,"[5, 1, 2, 1]","[[0, 1, 2, 3, 4], [5], [6, 7], [8]]",118.89,58.227,1.747,1.783,1.289,0.646,2.0,True,[1.6911534525287764],0.514576188143067,-0.25962090752441136,0.3710511200459506,0.23773885350318472,-0.0,10,2525,0.003446295232624852
14,9.0,0.8,0.2,0.5,100.0,0.02,250.0,0.9,4.0,"[5, 1, 1, 2]","[[0, 1, 2, 3, 4], [5], [6], [7, 8]]",249.72,42.28,1.747,1.783,1.338,0.643,2.0,True,[1.8601075237738276],-0.019598236158745674,-0.23147616312464103,0.3693279724296381,0.1726277968316185,0.0,10,2505,0.003446295232624852
15,9.0,0.8,0.2,0.5,100.0,0.02,250.0,0.9,5.0,"[5, 1, 1, 1, 1]","[[0, 1, 2, 3, 4], [5], [6], [7], [8]]",236.43,42.787,1.747,1.783,1.296,0.666,2.0,True,[1.8601075237738276],0.03466438020578144,-0.25560022975301555,0.382538770821367,0.174697860525886,-0.0,5,12500,0.003446295232624852
16,9.0,0.8,0.2,0.5,100.0,0.02,250.0,0.9,2.0,"[4, 5]","[[0, 1, 2, 3], [4, 5, 6, 7, 8]]",148.21,48.543,1.747,1.783,0.874,0.446,2.0,True,[1.2083045973594573],0.394863628940062,-0.4979896611143022,0.25617461229178634,0.19819941205291525,-0.0,20,95,0.003446295232624852
17,9.0,0.8,0.2,0.5,100.0,0.02,250.0,0.9,3.0,"[4, 4, 1]","[[0, 1, 2, 3], [4, 5, 6, 7], [8]]",136.45,43.57,1.747,1.783,0.948,0.466,2.0,True,[1.2806248474865698],0.4428793075289891,-0.4554853532452614,0.26766226306720275,0.1778948227992814,-0.0,16,240,0.003446295232624852
18,9.0,0.8,0.2,0.5,100.0,0.02,250.0,0.9,3.0,"[4, 3, 2]","[[0, 1, 2, 3], [4, 5, 6], [7, 8]]",121.52,51.172,1.747,1.783,1.159,0.523,2.0,True,[1.2806248474865698],0.503837987914421,-0.3342906375646181,0.30040206777713957,0.20893352931569492,-0.0,24,228,0.003446295232624852
19,9.0,0.8,0.2,0.5,100.0,0.02,250.0,0.9,4.0,"[4, 3, 1, 1]","[[0, 1, 2, 3], [4, 5, 6], [7], [8]]",187.56,42.794,1.747,1.783,1.173,0.517,2.0,True,[1.2884098726725126],0.2341989220970112,-0.32624928202182657,0.29695577254451466,0.17472644128695083,-0.0,12,896,0.003446295232624852
20,9.0,0.8,0.2,0.5,100.0,0.02,250.0,0.9,3.0,"[4, 2, 3]","[[0, 1, 2, 3], [4, 5], [6, 7, 8]]",106.0,42.454,1.747,1.783,1.407,0.503,2.0,True,[1.077032961426901],0.5672056181610321,-0.19184376794945435,0.28891441700172316,0.17333823289237302,-0.0,24,216,0.003446295232624852
21,9.0,0.8,0.2,0.5,100.0,0.02,250.0,0.9,4.0,"[4, 2, 2, 1]","[[0, 1, 2, 3], [4, 5], [6, 7], [8]]",117.95,48.522,1.747,1.783,1.297,0.586,2.0,True,[1.077032961426901],0.5184141760574881,-0.2550258472142448,0.3365881677197013,0.19811366976972072,-0.0,16,848,0.003446295232624852
22,9.0,0.8,0.2,0.5,100.0,0.02,250.0,0.9,4.0,"[4, 2, 1, 2]","[[0, 1, 2, 3], [4, 5], [6], [7, 8]]",234.48,35.791,1.747,1.783,1.378,0.597,2.0,True,[1.1704699910719627],0.04262616364527194,-0.20850086157380832,0.3429063756461803,0.14613343132451412,-0.0,16,836,0.003446295232624852
23,9.0,0.8,0.2,0.5,100.0,0.02,250.0,0.9,5.0,"[4, 2, 1, 1, 1]","[[0, 1, 2, 3], [4, 5], [6], [7], [8]]",238.9,33.376,1.747,1.783,1.434,0.553,3.0,True,"[0.14142135623730953, 1.1958260743101399, 1.1704699910719627]",0.024579454515760157,-0.1763354394026423,0.3176335439402642,0.13627306875714518,-0.0,8,3328,0.003446295232624852
24,9.0,0.8,0.2,0.5,100.0,0.02,250.0,0.9,3.0,"[4, 1, 4]","[[0, 1, 2, 3], [4], [5, 6, 7, 8]]",264.02,84.453,1.747,1.783,1.351,0.567,4.0,True,"[1.772004514666935, 1.661324772583615, 1.148912529307606, 0.1414213562373095, 0.9899494936611665, 0.8485281374238571]",-0.07798464804834238,-0.22400919012062037,0.32567489948305567,0.3448187163155316,0.0,16,204,0.003446295232624852
25,9.0,0.8,0.2,0.5,100.0,0.02,250.0,0.9,4.0,"[4, 1, 3, 1]","[[0, 1, 2, 3], [4], [5, 6, 7], [8]]",252.29,61.175,1.747,1.783,1.313,0.596,2.0,True,[1.148912529307606],-0.030091458435407503,-0.24583572659391162,0.3423319931074095,0.2497754368773477,0.0,12,800,0.003446295232624852
26,9.0,0.8,0.2,0.5,100.0,0.02,250.0,0.9,4.0,"[4, 1, 2, 2]","[[0, 1, 2, 3], [4], [5, 6], [7, 8]]",221.53,46.364,1.747,1.783,1.243,0.648,2.0,True,[1.1832159566199234],0.0955005716152213,-0.28604250430786904,0.3721998851234922,0.18930262943001797,-0.0,16,788,0.003446295232624852
27,9.0,0.8,0.2,0.5,100.0,0.02,250.0,0.9,5.0,"[4, 1, 2, 1, 1]","[[0, 1, 2, 3], [4], [5, 6], [7], [8]]",236.31,54.823,1.747,1.783,1.286,0.628,2.0,True,[1.1832159566199234],0.03515433610975005,-0.2613440551407238,0.3607122343480758,0.22384043769394088,-0.0,8,3136,0.003446295232624852
28,9.0,0.8,0.2,0.5,100.0,0.02,250.0,0.9,4.0,"[4, 1, 1, 3]","[[0, 1, 2, 3], [4], [5], [6, 7, 8]]",175.34,36.18,1.747,1.783,1.331,0.66,2.0,True,[1.0677078252031311],0.28409276498448466,-0.23549684089603684,0.3790924755887421,0.1477217050465458,-0.0,12,776,0.003446295232624852
29,9.0,0.8,0.2,0.5,100.0,0.02,250.0,0.9,5.0,"[4, 1, 1, 2, 1]","[[0, 1, 2, 3], [4], [5], [6, 7], [8]]",179.08,38.779,1.747,1.783,1.375,0.637,2.0,True,[1.0677078252031311],0.2688224726441286,-0.21022400919012063,0.3658816771970132,0.15833333333333335,-0.0,8,3088,0.003446295232624852
30,9.0,0.8,0.2,0.5,100.0,0.02,250.0,0.9,5.0,"[4, 1, 1, 1, 2]","[[0, 1, 2, 3], [4], [5], [6], [7, 8]]",215.68,20.033,1.747,1.783,1.42,0.609,2.0,True,[1.077032961426901],0.11938592193369257,-0.1843767949454338,0.3497989661114302,0.08179405520169852,-0.0,8,3076,0.003446295232624852
31,9.0,0.8,0.2,0.5,100.0,0.02,250.0,0.9,6.0,"[4, 1, 1, 1, 1, 1]","[[0, 1, 2, 3], [4], [5], [6], [7], [8]]",214.38,17.881,1.747,1.783,1.391,0.628,2.0,True,[1.077032961426901],0.12469377756001954,-0.20103388856978754,0.3607122343480758,0.07300751265719418,-0.0,4,12288,0.003446295232624852
32,9.0,0.8,0.2,0.5,100.0,0.02,250.0,0.9,2.0,"[3, 6]","[[0, 1, 2], [3, 4, 5, 6, 7, 8]]",155.96,39.904,1.747,1.783,0.728,0.281,2.0,True,[1.392838827718412],0.3632206434754205,-0.5818495117748421,0.1614014933946008,0.1629266699330394,-0.0,18,102,0.003446295232624852
33,9.0,0.8,0.2,0.5,100.0,0.02,250.0,0.9,3.0,"[3, 5, 1]","[[0, 1, 2], [3, 4, 5, 6, 7], [8]]",185.28,60.032,1.747,1.783,0.905,0.13,2.0,True,[1.4035668847618201],0.24350808427241544,-0.48018380241240666,0.07466973004020677,0.2451086068920464,-0.0,15,350,0.003446295232624852
34,9.0,0.8,0.2,0.5,100.0,0.02,250.0,0.9,3.0,"[3, 4, 2]","[[0, 1, 2], [3, 4, 5, 6], [7, 8]]",181.97,31.798,1.747,1.783,1.029,0.0,1.0,True,[],0.2570227012902172,-0.4089603676048249,0.0,0.12983014861995754,-0.0,24,180,0.003446295232624852
35,9.0,0.8,0.2,0.5,100.0,0.02,250.0,0.9,4.0,"[3, 4, 1, 1]","[[0, 1, 2], [3, 4, 5, 6], [7], [8]]",139.09,41.17,1.747,1.783,1.24,0.002,1.0,True,[],0.4321002776416789,-0.2877656519241816,0.0011487650775416428,0.16809570471990856,-0.0,12,704,0.003446295232624852
36,9.0,0.8,0.2,0.5,100.0,0.02,250.0,0.9,3.0,"[3, 3, 3]","[[0, 1, 2], [3, 4, 5], [6, 7, 8]]",178.35,39.557,1.747,1.783,1.134,0.0,1.0,True,[],0.27180303772660463,-0.34865020103388866,0.0,0.16150988077739672,-0.0,27,78,0.003446295232624852
37,9.0,0.8,0.2,0.5,100.0,0.02,250.0,0.9,4.0,"[3, 3, 2, 1]","[[0, 1, 2], [3, 4, 5], [6, 7], [8]]",213.17,44.181,1.747,1.783,1.233,0.001,1.0,True,[],0.1296341662583701,-0.2917863296955773,0.0005743825387708214,0.18038951494365507,-0.0,18,225,0.003446295232624852
38,9.0,0.8,0.2,0.5,100.0,0.02,250.0,0.9,4.0,"[3, 3, 1, 2]","[[0, 1, 2], [3, 4, 5], [6], [7, 8]]",187.96,36.819,1.747,1.783,1.735,0.0,1.0,True,[],0.23256573575044903,-0.003446295232624963,0.0,0.15033072023517885,-0.0,18,219,0.003446295232624852
39,9.0,0.8,0.2,0.5,100.0,0.02,250.0,0.9,5.0,"[3, 3, 1, 1, 1]","[[0, 1, 2], [3, 4, 5], [6], [7], [8]]",199.5,38.003,1.747,1.783,1.735,0.0,1.0,True,[],0.18544830965213122,-0.003446295232624963,0.0,0.1551649518210028,-0.0,9,648,0.003446295232624852
40,9.0,0.8,0.2,0.5,100.0,0.02,250.0,0.9,3.0,"[3, 2, 4]","[[0, 1, 2], [3, 4], [5, 6, 7, 8]]",223.04,67.676,1.747,1.783,1.586,0.0,1.0,True,[],0.08933529315694921,-0.0890292935094773,0.0,0.27631879797484893,-0.0,24,156,0.003446295232624852
41,9.0,0.8,0.2,0.5,100.0,0.02,250.0,0.9,4.0,"[3, 2, 3, 1]","[[0, 1, 2], [3, 4], [5, 6, 7], [8]]",222.14,65.874,1.747,1.783,1.586,0.001,1.0,True,[],0.093009962436714,-0.0890292935094773,0.0005743825387708214,0.2689612934835865,-0.0,18,207,0.003446295232624852
42,9.0,0.8,0.2,0.5,100.0,0.02,250.0,0.9,4.0,"[3, 2, 2, 2]","[[0, 1, 2], [3, 4], [5, 6], [7, 8]]",214.92,46.994,1.747,1.783,1.614,0.0,1.0,True,[],0.12248897599216069,-0.07294658242389429,0.0,0.19187489792585335,-0.0,24,201,0.003446295232624852
43,9.0,0.8,0.2,0.5,100.0,0.02,250.0,0.9,5.0,"[3, 2, 2, 1, 1]","[[0, 1, 2], [3, 4], [5, 6], [7], [8]]",214.27,47.043,1.747,1.783,1.613,0.0,1.0,True,[],0.1251429038053241,-0.07352096496266525,0.0,0.1920749632533072,-0.0,12,594,0.003446295232624852
44,9.0,0.8,0.2,0.5,100.0,0.02,250.0,0.9,4.0,"[3, 2, 1, 3]","[[0, 1, 2], [3, 4], [5], [6, 7, 8]]",190.67,30.75,1.747,1.783,1.733,0.0,1.0,True,[],0.22150089825249064,-0.004595060310166543,0.0,0.12555120039196474,-0.0,18,195,0.003446295232624852
45,9.0,0.8,0.2,0.5,100.0,0.02,250.0,0.9,5.0,"[3, 2, 1, 2, 1]","[[0, 1, 2], [3, 4], [5], [6, 7], [8]]",187.89,24.228,1.747,1.783,1.733,0.0,1.0,True,[],0.23285154336109748,-0.004595060310166543,0.0,0.098922097011269,-0.0,12,576,0.003446295232624852
46,9.0,0.8,0.2,0.5,100.0,0.02,250.0,0.9,5.0,"[3, 2, 1, 1, 2]","[[0, 1, 2], [3, 4], [5], [6], [7, 8]]",230.15,22.77,1.747,1.783,1.736,0.0,1.0,True,[],0.0603054058468071,-0.0028719126938542283,0.0,0.09296913277804998,-0.0,12,570,0.003446295232624852
47,9.0,0.8,0.2,0.5,100.0,0.02,250.0,0.9,6.0,"[3, 2, 1, 1, 1, 1]","[[0, 1, 2], [3, 4], [5], [6], [7], [8]]",224.49,24.242,1.747,1.783,1.736,0.0,1.0,True,[],0.08341499265066132,-0.0028719126938542283,0.0,0.09897925853339867,-0.0,6,1701,0.003446295232624852
48,9.0,0.8,0.2,0.5,100.0,0.02,250.0,0.9,3.0,"[3, 1, 5]","[[0, 1, 2], [3], [4, 5, 6, 7, 8]]",136.3,29.111,1.747,1.783,1.36,0.276,2.0,True,[1.2767145334803707],0.4434917524089498,-0.21883974727168298,0.15852958070074671,0.11885921933692635,-0.0,15,270,0.003446295232624852
49,9.0,0.8,0.2,0.5,100.0,0.02,250.0,0.9,4.0,"[3, 1, 4, 1]","[[0, 1, 2], [3], [4, 5, 6, 7], [8]]",140.58,27.965,1.747,1.783,1.419,0.115,2.0,True,[1.3304134695650072],0.4260166585007349,-0.18495117748420453,0.06605399195864446,0.11418014045402582,-0.0,12,560,0.003446295232624852
50,9.0,0.8,0.2,0.5,100.0,0.02,250.0,0.9,4.0,"[3, 1, 3, 2]","[[0, 1, 2], [3], [4, 5, 6], [7, 8]]",177.09,34.568,1.747,1.783,1.439,0.0,2.0,True,[0.1414213562373095],0.27694757471827536,-0.17346352670878806,0.0,0.14113996406990037,-0.0,18,183,0.003446295232624852
51,9.0,0.8,0.2,0.5,100.0,0.02,250.0,0.9,5.0,"[3, 1, 3, 1, 1]","[[0, 1, 2], [3], [4, 5, 6], [7], [8]]",225.57,40.967,1.747,1.783,1.438,0.0,3.0,True,"[0.1414213562373095, 0.19999999999999998, 0.1414213562373095]",0.07900538951494362,-0.1740379092475589,0.0,0.16726686264902826,-0.0,9,540,0.003446295232624852
52,9.0,0.8,0.2,0.5,100.0,0.02,250.0,0.9,4.0,"[3, 1, 2, 3]","[[0, 1, 2], [3], [4, 5], [6, 7, 8]]",115.31,29.223,1.747,1.783,1.583,0.0,1.0,True,[],0.5291932059447984,-0.09075244112578984,0.0,0.11931651151396375,-0.0,18,177,0.003446295232624852
53,9.0,0.8,0.2,0.5,100.0,0.02,250.0,0.9,5.0,"[3, 1, 2, 2, 1]","[[0, 1, 2], [3], [4, 5], [6, 7], [8]]",114.54,21.998,1.747,1.783,1.583,0.0,1.0,True,[],0.5323370896619304,-0.09075244112578984,0.0,0.08981708312918504,-0.0,12,522,0.003446295232624852
54,9.0,0.8,0.2,0.5,100.0,0.02,250.0,0.9,5.0,"[3, 1, 2, 1, 2]","[[0, 1, 2], [3], [4, 5], [6], [7, 8]]",251.24,58.02,1.747,1.783,1.687,0.0,1.0,True,[],-0.0258043442756819,-0.031016657093624334,0.0,0.23689367956883883,0.0,12,516,0.003446295232624852
55,9.0,0.8,0.2,0.5,100.0,0.02,250.0,0.9,6.0,"[3, 1, 2, 1, 1, 1]","[[0, 1, 2], [3], [4, 5], [6], [7], [8]]",243.28,35.182,1.747,1.783,1.684,0.0,1.0,True,[],0.006696064020904724,-0.03273980470993687,0.0,0.14364690511187328,-0.0,6,1539,0.003446295232624852
56,9.0,0.8,0.2,0.5,100.0,0.02,250.0,0.9,4.0,"[3, 1, 1, 4]","[[0, 1, 2], [3], [4], [5, 6, 7, 8]]",120.02,43.121,1.747,1.783,1.516,0.001,1.0,True,[],0.5099624367140291,-0.12923607122343483,0.0005743825387708214,0.1760615711252654,-0.0,12,524,0.003446295232624852
57,9.0,0.8,0.2,0.5,100.0,0.02,250.0,0.9,5.0,"[3, 1, 1, 3, 1]","[[0, 1, 2], [3], [4], [5, 6, 7], [8]]",121.89,33.472,1.747,1.783,1.516,0.001,1.0,True,[],0.502327290543851,-0.12923607122343483,0.0005743825387708214,0.1366650334803201,-0.0,9,504,0.003446295232624852
58,9.0,0.8,0.2,0.5,100.0,0.02,250.0,0.9,5.0,"[3, 1, 1, 2, 2]","[[0, 1, 2], [3], [4], [5, 6], [7, 8]]",163.07,30.885,1.747,1.783,1.517,0.0,1.0,True,[],0.3341907561652785,-0.1286616886846641,0.0,0.12610240078392945,-0.0,12,498,0.003446295232624852
59,9.0,0.8,0.2,0.5,100.0,0.02,250.0,0.9,6.0,"[3, 1, 1, 2, 1, 1]","[[0, 1, 2], [3], [4], [5, 6], [7], [8]]",158.64,13.535,1.747,1.783,1.517,0.0,1.0,True,[],0.3522782949534542,-0.1286616886846641,0.0,0.05526294300179651,-0.0,6,1485,0.003446295232624852
60,9.0,0.8,0.2,0.5,100.0,0.02,250.0,0.9,5.0,"[3, 1, 1, 1, 3]","[[0, 1, 2], [3], [4], [5], [6, 7, 8]]",201.74,19.658,1.747,1.783,1.741,0.0,1.0,True,[],0.17630246611138323,0.0,0.0,0.08026294300179651,0.0,9,492,0.003446295232624852
61,9.0,0.8,0.2,0.5,100.0,0.02,250.0,0.9,6.0,"[3, 1, 1, 1, 2, 1]","[[0, 1, 2], [3], [4], [5], [6, 7], [8]]",200.47,21.384,1.747,1.783,1.741,0.0,1.0,True,[],0.1814878327617181,0.0,0.0,0.08731014208721216,0.0,6,1467,0.003446295232624852
62,9.0,0.8,0.2,0.5,100.0,0.02,250.0,0.9,6.0,"[3, 1, 1, 1, 1, 2]","[[0, 1, 2], [3], [4], [5], [6], [7, 8]]",228.17,17.483,1.747,1.783,1.74,0.0,1.0,True,[],0.0683896782622897,-0.0005743825387708457,0.0,0.07138249224236486,-0.0,6,1461,0.003446295232624852
63,9.0,0.8,0.2,0.5,100.0,0.02,250.0,0.9,7.0,"[3, 1, 1, 1, 1, 1, 1]","[[0, 1, 2], [3], [4], [5], [6], [7], [8]]",226.38,21.495,1.747,1.783,1.741,0.0,1.0,True,[],0.07569818716315524,0.0,0.0,0.08776335129838315,0.0,3,4374,0.003446295232624852
64,9.0,0.8,0.2,0.5,100.0,0.02,250.0,0.9,2.0,"[2, 7]","[[0, 1], [2, 3, 4, 5, 6, 7, 8]]",178.34,30.336,1.747,1.783,0.648,0.0,1.0,True,[],0.27184386738526856,-0.6278001148765078,0.0,0.1238608525232729,-0.0,14,91,0.003446295232624852
65,9.0,0.8,0.2,0.5,100.0,0.02,250.0,0.9,3.0,"[2, 6, 1]","[[0, 1], [2, 3, 4, 5, 6, 7], [8]]",215.7,16.927,1.747,1.783,1.042,0.0,1.0,True,[],0.11930426261636451,-0.40149339460080413,0.0,0.06911236322064347,-0.0,12,396,0.003446295232624852
66,9.0,0.8,0.2,0.5,100.0,0.02,250.0,0.9,3.0,"[2, 5, 2]","[[0, 1], [2, 3, 4, 5, 6], [7, 8]]",238.95,24.479,1.747,1.783,1.344,0.0,2.0,True,[0.09999999999999998],0.024375306222439996,-0.22802986789201607,0.0,0.09994692144373674,-0.0,20,230,0.003446295232624852
67,9.0,0.8,0.2,0.5,100.0,0.02,250.0,0.9,4.0,"[2, 5, 1, 1]","[[0, 1], [2, 3, 4, 5, 6], [7], [8]]",230.1,32.597,1.747,1.783,1.522,0.0,1.0,True,[],0.060509554140127375,-0.12578977599080987,0.0,0.13309243834721543,-0.0,10,1125,0.003446295232624852
68,9.0,0.8,0.2,0.5,100.0,0.02,250.0,0.9,3.0,"[2, 4, 3]","[[0, 1], [2, 3, 4, 5], [6, 7, 8]]",262.54,53.564,1.747,1.783,1.452,0.001,2.0,True,[0.10000000000000009],-0.0719418585660625,-0.1659965537047674,0.0005743825387708214,0.21869998366813653,0.0,24,120,0.003446295232624852
69,9.0,0.8,0.2,0.5,100.0,0.02,250.0,0.9,4.0,"[2, 4, 2, 1]","[[0, 1], [2, 3, 4, 5], [6, 7], [8]]",240.87,44.144,1.747,1.783,1.489,0.0,1.0,True,[],0.016536011758941593,-0.144744399770247,0.0,0.18023844520659807,-0.0,16,464,0.003446295232624852
70,9.0,0.8,0.2,0.5,100.0,0.02,250.0,0.9,4.0,"[2, 4, 1, 2]","[[0, 1], [2, 3, 4, 5], [6], [7, 8]]",190.03,14.237,1.747,1.783,1.753,0.0,2.0,True,[0.10000000000000003],0.22411399640699003,0.006892590465249704,0.0,0.05812918504001307,0.0015447259947638258,16,452,0.003446295232624852
71,9.0,0.8,0.2,0.5,100.0,0.02,250.0,0.9,5.0,"[2, 4, 1, 1, 1]","[[0, 1], [2, 3, 4, 5], [6], [7], [8]]",194.14,15.647,1.747,1.783,1.751,0.0,2.0,True,[0.1414213562373095],0.20733300669606403,0.0057438253877080125,0.0,0.06388616691164463,0.001190884587570688,8,1792,0.003446295232624852
72,9.0,0.8,0.2,0.5,100.0,0.02,250.0,0.9,3.0,"[2, 3, 4]","[[0, 1], [2, 3, 4], [5, 6, 7, 8]]",149.46,39.723,1.747,1.783,1.582,0.0,2.0,True,[0.1],0.3897599216070553,-0.09132682366456057,0.0,0.16218765311122,-0.0,24,108,0.003446295232624852
73,9.0,0.8,0.2,0.5,100.0,0.02,250.0,0.9,4.0,"[2, 3, 3, 1]","[[0, 1], [2, 3, 4], [5, 6, 7], [8]]",150.67,35.246,1.747,1.783,1.582,0.001,2.0,True,[0.1],0.38481953290870485,-0.09132682366456057,0.0005743825387708214,0.14390821492732322,-0.0,18,153,0.003446295232624852
74,9.0,0.8,0.2,0.5,100.0,0.02,250.0,0.9,4.0,"[2, 3, 2, 2]","[[0, 1], [2, 3, 4], [5, 6], [7, 8]]",165.14,21.075,1.747,1.783,1.612,0.0,1.0,True,[],0.3257390168218194,-0.07409534750143598,0.0,0.0860485056344929,-0.0,24,147,0.003446295232624852
75,9.0,0.8,0.2,0.5,100.0,0.02,250.0,0.9,5.0,"[2, 3, 2, 1, 1]","[[0, 1], [2, 3, 4], [5, 6], [7], [8]]",166.31,18.699,1.747,1.783,1.612,0.0,1.0,True,[],0.32096194675812506,-0.07409534750143598,0.0,0.07634737873591378,-0.0,12,432,0.003446295232624852
76,9.0,0.8,0.2,0.5,100.0,0.02,250.0,0.9,4.0,"[2, 3, 1, 3]","[[0, 1], [2, 3, 4], [5], [6, 7, 8]]",134.81,11.563,1.747,1.783,1.732,0.0,1.0,True,[],0.4495753715498938,-0.0051694428489375,0.0,0.047211334313245146,-0.0,18,141,0.003446295232624852
77,9.0,0.8,0.2,0.5,100.0,0.02,250.0,0.9,5.0,"[2, 3, 1, 2, 1]","[[0, 1], [2, 3, 4], [5], [6, 7], [8]]",136.51,13.063,1.747,1.783,1.732,0.0,1.0,True,[],0.44263432957700477,-0.0051694428489375,0.0,0.05333578311285318,-0.0,12,414,0.003446295232624852
78,9.0,0.8,0.2,0.5,100.0,0.02,250.0,0.9,5.0,"[2, 3, 1, 1, 2]","[[0, 1], [2, 3, 4], [5], [6], [7, 8]]",217.78,20.391,1.747,1.783,1.735,0.0,1.0,True,[],0.11081169361424137,-0.003446295232624963,0.0,0.08325575698187163,-0.0,12,408,0.003446295232624852
79,9.0,0.8,0.2,0.5,100.0,0.02,250.0,0.9,6.0,"[2, 3, 1, 1, 1, 1]","[[0, 1], [2, 3, 4], [5], [6], [7], [8]]",210.17,20.914,1.747,1.783,1.735,0.0,1.0,True,[],0.1418830638575862,-0.003446295232624963,0.0,0.08539114813000165,-0.0,6,1215,0.003446295232624852
80,9.0,0.8,0.2,0.5,100.0,0.02,250.0,0.9,3.0,"[2, 2, 5]","[[0, 1], [2, 3], [4, 5, 6, 7, 8]]",118.52,13.24,1.747,1.783,1.436,0.0,1.0,True,[],0.5160868855136371,-0.1751866743251006,0.0,0.05405846807120693,-0.0,20,170,0.003446295232624852
81,9.0,0.8,0.2,0.5,100.0,0.02,250.0,0.9,4.0,"[2, 2, 4, 1]","[[0, 1], [2, 3], [4, 5, 6, 7], [8]]",123.34,12.552,1.747,1.783,1.437,0.0,1.0,True,[],0.4964069900375633,-0.17461229178632975,0.0,0.05124938755512004,-0.0,16,368,0.003446295232624852
82,9.0,0.8,0.2,0.5,100.0,0.02,250.0,0.9,4.0,"[2, 2, 3, 2]","[[0, 1], [2, 3], [4, 5, 6], [7, 8]]",151.85,21.667,1.747,1.783,1.442,0.0,1.0,True,[],0.3800016331863465,-0.17174037909247564,0.0,0.08846562142740488,-0.0,24,129,0.003446295232624852
83,9.0,0.8,0.2,0.5,100.0,0.02,250.0,0.9,5.0,"[2, 2, 3, 1, 1]","[[0, 1], [2, 3], [4, 5, 6], [7], [8]]",201.48,30.413,1.747,1.783,1.442,0.0,1.0,True,[],0.17736403723664873,-0.17174037909247564,0.0,0.12417524089498612,-0.0,12,378,0.003446295232624852
84,9.0,0.8,0.2,0.5,100.0,0.02,250.0,0.9,4.0,"[2, 2, 2, 3]","[[0, 1], [2, 3], [4, 5], [6, 7, 8]]",105.29,19.967,1.747,1.783,1.568,0.0,1.0,True,[],0.5701045239261799,-0.09936817920735208,0.0,0.08152457945451576,-0.0,24,123,0.003446295232624852
85,9.0,0.8,0.2,0.5,100.0,0.02,250.0,0.9,5.0,"[2, 2, 2, 2, 1]","[[0, 1], [2, 3], [4, 5], [6, 7], [8]]",108.8,17.306,1.747,1.783,1.567,0.0,1.0,True,[],0.5557733137350971,-0.09994256174612304,0.0,0.07065980728401111,-0.0,16,60,0.003446295232624852
86,9.0,0.8,0.2,0.5,100.0,0.02,250.0,0.9,5.0,"[2, 2, 2, 1, 2]","[[0, 1], [2, 3], [4, 5], [6], [7, 8]]",237.49,26.105,1.747,1.783,1.692,0.0,1.0,True,[],0.030336436387391696,-0.028144744399770327,0.0,0.10658582394251184,-0.0,16,58,0.003446295232624852
87,9.0,0.8,0.2,0.5,100.0,0.02,250.0,0.9,6.0,"[2, 2, 2, 1, 1, 1]","[[0, 1], [2, 3], [4, 5], [6], [7], [8]]",239.09,31.101,1.747,1.783,1.69,0.0,1.0,True,[],0.023803691001143212,-0.02929350947731202,0.0,0.12698432141107302,-0.0,8,112,0.003446295232624852
88,9.0,0.8,0.2,0.5,100.0,0.02,250.0,0.9,4.0,"[2, 2, 1, 4]","[[0, 1], [2, 3], [4], [5, 6, 7, 8]]",173.15,33.411,1.747,1.783,1.5,0.0,1.0,True,[],0.2930344602319124,-0.13842619184376803,0.0,0.1364159725624694,-0.0,16,332,0.003446295232624852
89,9.0,0.8,0.2,0.5,100.0,0.02,250.0,0.9,5.0,"[2, 2, 1, 3, 1]","[[0, 1], [2, 3], [4], [5, 6, 7], [8]]",173.04,33.207,1.747,1.783,1.5,0.0,1.0,True,[],0.29348358647721706,-0.13842619184376803,0.0,0.1355830475257227,-0.0,12,342,0.003446295232624852
90,9.0,0.8,0.2,0.5,100.0,0.02,250.0,0.9,5.0,"[2, 2, 1, 2, 2]","[[0, 1], [2, 3], [4], [5, 6], [7, 8]]",196.22,23.063,1.747,1.783,1.502,0.0,1.0,True,[],0.19884043769394089,-0.13727742676622634,0.0,0.09416544177690675,-0.0,16,54,0.003446295232624852
91,9.0,0.8,0.2,0.5,100.0,0.02,250.0,0.9,6.0,"[2, 2, 1, 2, 1, 1]","[[0, 1], [2, 3], [4], [5, 6], [7], [8]]",195.61,19.99,1.747,1.783,1.502,0.0,1.0,True,[],0.20133104687244807,-0.13727742676622634,0.0,0.08161848766944309,-0.0,8,104,0.003446295232624852
92,9.0,0.8,0.2,0.5,100.0,0.02,250.0,0.9,5.0,"[2, 2, 1, 1, 3]","[[0, 1], [2, 3], [4], [5], [6, 7, 8]]",202.85,16.684,1.747,1.783,1.741,0.0,1.0,True,[],0.17177037399967332,0.0,0.0,0.06812020251510698,0.0,12,330,0.003446295232624852
93,9.0,0.8,0.2,0.5,100.0,0.02,250.0,0.9,6.0,"[2, 2, 1, 1, 2, 1]","[[0, 1], [2, 3], [4], [5], [6, 7], [8]]",202.8,18.577,1.747,1.783,1.741,0.0,1.0,True,[],0.1719745222929936,0.0,0.0,0.07584925690021233,0.0,8,100,0.003446295232624852
94,9.0,0.8,0.2,0.5,100.0,0.02,250.0,0.9,6.0,"[2, 2, 1, 1, 1, 2]","[[0, 1], [2, 3], [4], [5], [6], [7, 8]]",229.65,15.819,1.747,1.783,1.741,0.0,1.0,True,[],0.06234688878000971,0.0,0.0,0.06458843704066634,0.0,8,98,0.003446295232624852
95,9.0,0.8,0.2,0.5,100.0,0.02,250.0,0.9,7.0,"[2, 2, 1, 1, 1, 1, 1]","[[0, 1], [2, 3], [4], [5], [6], [7], [8]]",225.89,20.87,1.747,1.783,1.741,0.0,1.0,True,[],0.07769884043769393,0.0,0.0,0.08521149763187981,0.0,4,192,0.003446295232624852
96,9.0,0.8,0.2,0.5,100.0,0.02,250.0,0.9,3.0,"[2, 1, 6]","[[0, 1], [2], [3, 4, 5, 6, 7, 8]]",56.5,5.019,1.747,1.783,1.126,0.0,1.0,True,[],0.7693124285480973,-0.3532452613440552,0.0,0.020492405683488486,-0.0,12,246,0.003446295232624852
97,9.0,0.8,0.2,0.5,100.0,0.02,250.0,0.9,4.0,"[2, 1, 5, 1]","[[0, 1], [2], [3, 4, 5, 6, 7], [8]]",97.92,15.532,1.747,1.783,1.22,0.0,1.0,True,[],0.6001959823615874,-0.29925330269959793,0.0,0.06341662583700801,-0.0,10,725,0.003446295232624852
98,9.0,0.8,0.2,0.5,100.0,0.02,250.0,0.9,4.0,"[2, 1, 4, 2]","[[0, 1], [2], [3, 4, 5, 6], [7, 8]]",89.72,10.848,1.747,1.783,1.42,0.0,1.0,True,[],0.6336763024661114,-0.1843767949454338,0.0,0.044292013718765316,-0.0,16,308,0.003446295232624852
99,9.0,0.8,0.2,0.5,100.0,0.02,250.0,0.9,5.0,"[2, 1, 4, 1, 1]","[[0, 1], [2], [3, 4, 5, 6], [7], [8]]",220.85,59.545,1.747,1.783,1.459,0.0,1.0,True,[],0.09827698840437693,-0.1619758759333716,0.0,0.243120202515107,-0.0,8,1216,0.003446295232624852
100,9.0,0.8,0.2,0.5,100.0,0.02,250.0,0.9,4.0,"[2, 1, 3, 3]","[[0, 1], [2], [3, 4, 5], [6, 7, 8]]",96.39,8.07,1.747,1.783,1.455,0.0,1.0,True,[],0.6064429201371877,-0.16427340608845487,0.0,0.032949534541891236,-0.0,18,105,0.003446295232624852
101,9.0,0.8,0.2,0.5,100.0,0.02,250.0,0.9,5.0,"[2, 1, 3, 2, 1]","[[0, 1], [2], [3, 4, 5], [6, 7], [8]]",125.07,12.481,1.747,1.783,1.456,0.0,1.0,True,[],0.48934345908868204,-0.16369902354968413,0.0,0.05095949697860526,-0.0,12,306,0.003446295232624852
102,9.0,0.8,0.2,0.5,100.0,0.02,250.0,0.9,5.0,"[2, 1, 3, 1, 2]","[[0, 1], [2], [3, 4, 5], [6], [7, 8]]",218.21,42.539,1.747,1.783,1.73,0.0,2.0,True,[0.1],0.10905601829168698,-0.00631820792647908,0.0,0.17368528499101749,-0.0,12,300,0.003446295232624852
103,9.0,0.8,0.2,0.5,100.0,0.02,250.0,0.9,6.0,"[2, 1, 3, 1, 1, 1]","[[0, 1], [2], [3, 4, 5], [6], [7], [8]]",223.65,44.585,1.747,1.783,1.73,0.0,2.0,True,[0.1],0.08684468397844192,-0.00631820792647908,0.0,0.18203903315368286,-0.0,6,891,0.003446295232624852
104,9.0,0.8,0.2,0.5,100.0,0.02,250.0,0.9,4.0,"[2, 1, 2, 4]","[[0, 1], [2], [3, 4], [5, 6, 7, 8]]",487.11,30.942,1.747,1.783,1.317,0.0,1.0,True,[],-0.9888535031847134,-0.24353819643882835,0.0,0.12633512983831455,0.0,16,284,0.003446295232624852
105,9.0,0.8,0.2,0.5,100.0,0.02,250.0,0.9,5.0,"[2, 1, 2, 3, 1]","[[0, 1], [2], [3, 4], [5, 6, 7], [8]]",507.27,49.013,1.747,1.783,1.321,0.0,1.0,True,[],-1.0711660950514452,-0.24124066628374508,0.0,0.20011840601012576,0.0,12,288,0.003446295232624852
106,9.0,0.8,0.2,0.5,100.0,0.02,250.0,0.9,5.0,"[2, 1, 2, 2, 2]","[[0, 1], [2], [3, 4], [5, 6], [7, 8]]",252.84,48.654,1.747,1.783,1.576,0.0,1.0,True,[],-0.032337089661930385,-0.09477311889718554,0.0,0.19865262126408625,0.0,16,46,0.003446295232624852
107,9.0,0.8,0.2,0.5,100.0,0.02,250.0,0.9,6.0,"[2, 1, 2, 2, 1, 1]","[[0, 1], [2], [3, 4], [5, 6], [7], [8]]",242.67,49.708,1.747,1.783,1.575,0.0,1.0,True,[],0.009186673199412021,-0.09534750143595638,0.0,0.20295606728727747,-0.0,8,88,0.003446295232624852
108,9.0,0.8,0.2,0.5,100.0,0.02,250.0,0.9,5.0,"[2, 1, 2, 1, 3]","[[0, 1], [2], [3, 4], [5], [6, 7, 8]]",185.68,16.901,1.747,1.783,1.733,0.0,1.0,True,[],0.24187489792585326,-0.004595060310166543,0.0,0.06900620610811693,-0.0,12,276,0.003446295232624852
109,9.0,0.8,0.2,0.5,100.0,0.02,250.0,0.9,6.0,"[2, 1, 2, 1, 2, 1]","[[0, 1], [2], [3, 4], [5], [6, 7], [8]]",184.76,16.124,1.747,1.783,1.733,0.0,1.0,True,[],0.24563122652294622,-0.004595060310166543,0.0,0.06583374162991998,-0.0,8,84,0.003446295232624852
110,9.0,0.8,0.2,0.5,100.0,0.02,250.0,0.9,6.0,"[2, 1, 2, 1, 1, 2]","[[0, 1], [2], [3, 4], [5], [6], [7, 8]]",224.37,18.297,1.747,1.783,1.735,0.0,1.0,True,[],0.08390494855463004,-0.003446295232624963,0.0,0.07470602645761883,-0.0,8,82,0.003446295232624852
111,9.0,0.8,0.2,0.5,100.0,0.02,250.0,0.9,7.0,"[2, 1, 2, 1, 1, 1, 1]","[[0, 1], [2], [3, 4], [5], [6], [7], [8]]",220.23,17.01,1.747,1.783,1.735,0.0,1.0,True,[],0.10080842724154826,-0.003446295232624963,0.0,0.06945124938755513,-0.0,4,160,0.003446295232624852
112,9.0,0.8,0.2,0.5,100.0,0.02,250.0,0.9,4.0,"[2, 1, 1, 5]","[[0, 1], [2], [3], [4, 5, 6, 7, 8]]",123.8,9.04,1.747,1.783,1.439,0.0,1.0,True,[],0.4945288257390168,-0.17346352670878806,0.0,0.03691001143230442,-0.0,10,645,0.003446295232624852
113,9.0,0.8,0.2,0.5,100.0,0.02,250.0,0.9,5.0,"[2, 1, 1, 4, 1]","[[0, 1], [2], [3], [4, 5, 6, 7], [8]]",127.31,10.389,1.747,1.783,1.44,0.0,1.0,True,[],0.48019761554793394,-0.17288914417001733,0.0,0.04241793238608525,-0.0,8,1072,0.003446295232624852
114,9.0,0.8,0.2,0.5,100.0,0.02,250.0,0.9,5.0,"[2, 1, 1, 3, 2]","[[0, 1], [2], [3], [4, 5, 6], [7, 8]]",158.21,19.452,1.747,1.783,1.446,0.0,1.0,True,[],0.35403397027600847,-0.16944284893739237,0.0,0.07942185203331702,-0.0,12,264,0.003446295232624852
115,9.0,0.8,0.2,0.5,100.0,0.02,250.0,0.9,6.0,"[2, 1, 1, 3, 1, 1]","[[0, 1], [2], [3], [4, 5, 6], [7], [8]]",201.85,31.072,1.747,1.783,1.446,0.0,1.0,True,[],0.17585333986607865,-0.16944284893739237,0.0,0.12686591540094724,-0.0,6,783,0.003446295232624852
116,9.0,0.8,0.2,0.5,100.0,0.02,250.0,0.9,5.0,"[2, 1, 1, 2, 3]","[[0, 1], [2], [3], [4, 5], [6, 7, 8]]",102.68,18.842,1.747,1.783,1.581,0.0,1.0,True,[],0.5807610648374979,-0.09190120620333153,0.0,0.07693124285480973,-0.0,12,258,0.003446295232624852
117,9.0,0.8,0.2,0.5,100.0,0.02,250.0,0.9,6.0,"[2, 1, 1, 2, 2, 1]","[[0, 1], [2], [3], [4, 5], [6, 7], [8]]",104.52,16.043,1.747,1.783,1.581,0.0,1.0,True,[],0.5732484076433121,-0.09190120620333153,0.0,0.06550302139474114,-0.0,8,76,0.003446295232624852
118,9.0,0.8,0.2,0.5,100.0,0.02,250.0,0.9,6.0,"[2, 1, 1, 2, 1, 2]","[[0, 1], [2], [3], [4, 5], [6], [7, 8]]",235.31,26.789,1.747,1.783,1.687,0.001,1.0,True,[],0.03923730197615538,-0.031016657093624334,0.0005743825387708214,0.10937857259513312,-0.0,8,74,0.003446295232624852
119,9.0,0.8,0.2,0.5,100.0,0.02,250.0,0.9,7.0,"[2, 1, 1, 2, 1, 1, 1]","[[0, 1], [2], [3], [4, 5], [6], [7], [8]]",235.3,28.172,1.747,1.783,1.685,0.0,2.0,True,[0.09999999999999998],0.03927813163481941,-0.032165422171166025,0.0,0.11502531438837173,-0.0,4,144,0.003446295232624852
120,9.0,0.8,0.2,0.5,100.0,0.02,250.0,0.9,5.0,"[2, 1, 1, 1, 4]","[[0, 1], [2], [3], [4], [5, 6, 7, 8]]",140.23,13.306,1.747,1.783,1.515,0.0,1.0,True,[],0.4274456965539768,-0.1298104537622058,0.0,0.05432794381838968,-0.0,8,1036,0.003446295232624852
121,9.0,0.8,0.2,0.5,100.0,0.02,250.0,0.9,6.0,"[2, 1, 1, 1, 3, 1]","[[0, 1], [2], [3], [4], [5, 6, 7], [8]]",143.73,14.295,1.747,1.783,1.515,0.0,1.0,True,[],0.4131553160215581,-0.1298104537622058,0.0,0.05836599706026458,-0.0,6,747,0.003446295232624852
122,9.0,0.8,0.2,0.5,100.0,0.02,250.0,0.9,6.0,"[2, 1, 1, 1, 2, 2]","[[0, 1], [2], [3], [4], [5, 6], [7, 8]]",164.01,10.452,1.747,1.783,1.517,0.0,1.0,True,[],0.33035276825085746,-0.1286616886846641,0.0,0.042675159235668794,-0.0,8,70,0.003446295232624852
123,9.0,0.8,0.2,0.5,100.0,0.02,250.0,0.9,7.0,"[2, 1, 1, 1, 2, 1, 1]","[[0, 1], [2], [3], [4], [5, 6], [7], [8]]",164.86,12.875,1.747,1.783,1.517,0.0,1.0,True,[],0.32688224726441273,-0.1286616886846641,0.0,0.052568185529968975,-0.0,4,136,0.003446295232624852
124,9.0,0.8,0.2,0.5,100.0,0.02,250.0,0.9,6.0,"[2, 1, 1, 1, 1, 3]","[[0, 1], [2], [3], [4], [5], [6, 7, 8]]",197.97,22.594,1.747,1.783,1.741,0.0,1.0,True,[],0.19169524742773147,0.0,0.0,0.09225053078556264,0.0,6,735,0.003446295232624852
125,9.0,0.8,0.2,0.5,100.0,0.02,250.0,0.9,7.0,"[2, 1, 1, 1, 1, 2, 1]","[[0, 1], [2], [3], [4], [5], [6, 7], [8]]",201.68,23.67,1.747,1.783,1.741,0.0,1.0,True,[],0.17654744406336753,0.0,0.0,0.09664380205781481,0.0,4,132,0.003446295232624852
126,9.0,0.8,0.2,0.5,100.0,0.02,250.0,0.9,7.0,"[2, 1, 1, 1, 1, 1, 2]","[[0, 1], [2], [3], [4], [5], [6], [7, 8]]",229.9,17.992,1.747,1.783,1.74,0.0,1.0,True,[],0.06132614731340835,-0.0005743825387708457,0.0,0.07346072186836519,-0.0,4,130,0.003446295232624852
127,9.0,0.8,0.2,0.5,100.0,0.02,250.0,0.9,8.0,"[2, 1, 1, 1, 1, 1, 1, 1]","[[0, 1], [2], [3], [4], [5], [6], [7], [8]]",227.88,16.148,1.747,1.783,1.741,0.0,1.0,True,[],0.0695737383635473,0.0,0.0,0.06593173281071371,0.0,2,256,0.003446295232624852
128,9.0,0.8,0.2,0.5,100.0,0.02,250.0,0.9,2.0,"[1, 8]","[[0], [1, 2, 3, 4, 5, 6, 7, 8]]",224.48,21.066,1.747,1.783,0.25,0.0,1.0,True,[],0.08345582230932547,-0.8564043653072947,0.0,0.08601175894169524,-0.0,8,56,0.003446295232624852
129,9.0,0.8,0.2,0.5,100.0,0.02,250.0,0.9,3.0,"[1, 7, 1]","[[0], [1, 2, 3, 4, 5, 6, 7], [8]]",249.91,28.99,1.747,1.783,0.655,0.183,2.0,True,[0.7681145747868608],-0.02037399967336273,-0.623779437105112,0.1051120045950603,0.1183651804670913,0.0,7,294,0.003446295232624852
130,9.0,0.8,0.2,0.5,100.0,0.02,250.0,0.9,3.0,"[1, 6, 2]","[[0], [1, 2, 3, 4, 5, 6], [7, 8]]",218.27,24.406,1.747,1.783,1.231,0.412,2.0,True,[1.8275666882497066],0.10881104033970268,-0.29293509477311885,0.23664560597357837,0.09964886493548913,-0.0,12,186,0.003446295232624852
131,9.0,0.8,0.2,0.5,100.0,0.02,250.0,0.9,4.0,"[1, 6, 1, 1]","[[0], [1, 2, 3, 4, 5, 6], [7], [8]]",250.34,23.673,1.747,1.783,1.382,0.418,2.0,True,[1.1704699910719625],-0.022129674995917004,-0.20620333141872493,0.2400919012062033,0.096656050955414,0.0,6,1080,0.003446295232624852
132,9.0,0.8,0.2,0.5,100.0,0.02,250.0,0.9,3.0,"[1, 5, 3]","[[0], [1, 2, 3, 4, 5], [6, 7, 8]]",218.76,28.732,1.747,1.783,1.336,0.508,2.0,True,[1.630950643030009],0.1068103870651641,-0.2326249282021826,0.2917863296955772,0.11731177527355871,-0.0,15,110,0.003446295232624852
133,9.0,0.8,0.2,0.5,100.0,0.02,250.0,0.9,4.0,"[1, 5, 2, 1]","[[0], [1, 2, 3, 4, 5], [6, 7], [8]]",222.45,26.17,1.747,1.783,1.366,0.487,3.0,True,"[1.8841443681416772, 1.8973665961010275, 0.09999999999999998]",0.09174424301812834,-0.21539345203905802,0.27972429638138996,0.1068512167238282,-0.0,10,525,0.003446295232624852
134,9.0,0.8,0.2,0.5,100.0,0.02,250.0,0.9,4.0,"[1, 5, 1, 2]","[[0], [1, 2, 3, 4, 5], [6], [7, 8]]",221.17,24.65,1.747,1.783,1.514,0.552,2.0,True,[1.307669683062202],0.09697043932712723,-0.13038483630097653,0.31705916140149343,0.10064510860689205,-0.0,10,505,0.003446295232624852
135,9.0,0.8,0.2,0.5,100.0,0.02,250.0,0.9,5.0,"[1, 5, 1, 1, 1]","[[0], [1, 2, 3, 4, 5], [6], [7], [8]]",221.06,25.77,1.747,1.783,1.513,0.551,2.0,True,[1.8734993995195195],0.09741956557243181,-0.13095921883974737,0.3164847788627226,0.10521803037726606,-0.0,5,2500,0.003446295232624852
136,9.0,0.8,0.2,0.5,100.0,0.02,250.0,0.9,3.0,"[1, 4, 4]","[[0], [1, 2, 3, 4], [5, 6, 7, 8]]",219.47,22.73,1.747,1.783,1.243,0.558,2.0,True,[1.70293863659264],0.10391148130001626,-0.28604250430786904,0.32050545663411834,0.09280581414339377,-0.0,16,60,0.003446295232624852
137,9.0,0.8,0.2,0.5,100.0,0.02,250.0,0.9,4.0,"[1, 4, 3, 1]","[[0], [1, 2, 3, 4], [5, 6, 7], [8]]",217.38,31.658,1.747,1.783,1.414,0.409,2.0,True,[1.788854381999832],0.11244487996080355,-0.18782309017805865,0.2349224583572659,0.1292585333986608,-0.0,12,224,0.003446295232624852
138,9.0,0.8,0.2,0.5,100.0,0.02,250.0,0.9,4.0,"[1, 4, 2, 2]","[[0], [1, 2, 3, 4], [5, 6], [7, 8]]",218.5,27.852,1.747,1.783,1.386,0.496,3.0,True,"[1.8303005217723127, 1.788854381999832, 0.1]",0.1078719581904295,-0.20390580126364166,0.2848937392303274,0.113718765311122,-0.0,16,212,0.003446295232624852
139,9.0,0.8,0.2,0.5,100.0,0.02,250.0,0.9,5.0,"[1, 4, 2, 1, 1]","[[0], [1, 2, 3, 4], [5, 6], [7], [8]]",219.13,22.045,1.747,1.783,1.44,0.439,3.0,True,"[1.8303005217723127, 1.788854381999832, 0.1]",0.10529968969459413,-0.17288914417001733,0.2521539345203906,0.0900089825249061,-0.0,8,832,0.003446295232624852
140,9.0,0.8,0.2,0.5,100.0,0.02,250.0,0.9,4.0,"[1, 4, 1, 3]","[[0], [1, 2, 3, 4], [5], [6, 7, 8]]",209.22,33.719,1.747,1.783,1.61,0.401,2.0,True,[2.029778313018444],0.14576188143067115,-0.07524411257897756,0.23032739804709937,0.13767352604932223,-0.0,12,200,0.003446295232624852
141,9.0,0.8,0.2,0.5,100.0,0.02,250.0,0.9,5.0,"[1, 4, 1, 2, 1]","[[0], [1, 2, 3, 4], [5], [6, 7], [8]]",209.53,28.641,1.747,1.783,1.58,0.443,2.0,True,[2.029778313018444],0.14449616201208548,-0.09247558874210227,0.25445146467547386,0.11694022537971582,-0.0,8,784,0.003446295232624852
142,9.0,0.8,0.2,0.5,100.0,0.02,250.0,0.9,5.0,"[1, 4, 1, 1, 2]","[[0], [1, 2, 3, 4], [5], [6], [7, 8]]",237.74,17.773,1.747,1.783,1.525,0.514,2.0,True,[2.32379000772445],0.029315694920790336,-0.12406662837449756,0.2952326249282022,0.07256655234362241,-0.0,8,772,0.003446295232624852
143,9.0,0.8,0.2,0.5,100.0,0.02,250.0,0.9,6.0,"[1, 4, 1, 1, 1, 1]","[[0], [1, 2, 3, 4], [5], [6], [7], [8]]",233.93,23.285,1.747,1.783,1.629,0.378,2.0,True,[2.32379000772445],0.04487179487179482,-0.06433084434233205,0.21711659965537047,0.09507186019924874,-0.0,4,3072,0.003446295232624852
144,9.0,0.8,0.2,0.5,100.0,0.02,250.0,0.9,3.0,"[1, 3, 5]","[[0], [1, 2, 3], [4, 5, 6, 7, 8]]",222.9,27.606,1.747,1.783,1.328,0.272,2.0,True,[1.8384776310850235],0.08990690837824589,-0.23721998851234927,0.15623205054566341,0.1127143557079863,-0.0,15,70,0.003446295232624852
145,9.0,0.8,0.2,0.5,100.0,0.02,250.0,0.9,4.0,"[1, 3, 4, 1]","[[0], [1, 2, 3], [4, 5, 6, 7], [8]]",221.13,25.378,1.747,1.783,1.351,0.225,2.0,True,[1.9183326093250879],0.09713375796178336,-0.22400919012062037,0.1292360712234348,0.10361750775763515,-0.0,12,176,0.003446295232624852
146,9.0,0.8,0.2,0.5,100.0,0.02,250.0,0.9,4.0,"[1, 3, 3, 2]","[[0], [1, 2, 3], [4, 5, 6], [7, 8]]",221.79,25.778,1.747,1.783,1.339,0.275,2.0,True,[2.004993765576342],0.0944390004899559,-0.2309017805858703,0.15795519816197587,0.1052506941041973,-0.0,18,75,0.003446295232624852
147,9.0,0.8,0.2,0.5,100.0,0.02,250.0,0.9,5.0,"[1, 3, 3, 1, 1]","[[0], [1, 2, 3], [4, 5, 6], [7], [8]]",267.58,23.997,1.747,1.783,1.409,0.0,1.0,True,[],-0.09252000653274539,-0.19069500287191277,0.0,0.09797893189612936,0.0,9,216,0.003446295232624852
148,9.0,0.8,0.2,0.5,100.0,0.02,250.0,0.9,4.0,"[1, 3, 2, 3]","[[0], [1, 2, 3], [4, 5], [6, 7, 8]]",221.78,30.189,1.747,1.783,1.542,0.185,3.0,True,"[1.6522711641858308, 1.6492422502470645, 0.1]",0.09447983014861994,-0.11430212521539351,0.10626076967260195,0.12326065654091133,-0.0,18,69,0.003446295232624852
149,9.0,0.8,0.2,0.5,100.0,0.02,250.0,0.9,5.0,"[1, 3, 2, 2, 1]","[[0], [1, 2, 3], [4, 5], [6, 7], [8]]",222.22,26.681,1.747,1.783,1.529,0.225,3.0,True,"[1.6340134638368191, 1.6309506430300091, 0.1]",0.09268332516740152,-0.12176909821941428,0.1292360712234348,0.10893761228156133,-0.0,12,198,0.003446295232624852
150,9.0,0.8,0.2,0.5,100.0,0.02,250.0,0.9,5.0,"[1, 3, 2, 1, 2]","[[0], [1, 2, 3], [4, 5], [6], [7, 8]]",257.31,19.795,1.747,1.783,1.679,0.143,2.0,True,[1.8027756377319948],-0.05058794708476233,-0.03561171740379099,0.08213670304422745,0.08082230932549404,0.0,12,192,0.003446295232624852
151,9.0,0.8,0.2,0.5,100.0,0.02,250.0,0.9,6.0,"[1, 3, 2, 1, 1, 1]","[[0], [1, 2, 3], [4, 5], [6], [7], [8]]",260.65,29.619,1.747,1.783,1.633,0.282,2.0,True,[1.8520259177452136],-0.0642250530785562,-0.06203331418724878,0.1619758759333716,0.12093336599706027,0.0,6,567,0.003446295232624852
152,9.0,0.8,0.2,0.5,100.0,0.02,250.0,0.9,4.0,"[1, 3, 1, 4]","[[0], [1, 2, 3], [4], [5, 6, 7, 8]]",219.64,28.824,1.747,1.783,1.414,0.294,2.0,True,[2.0591260281974],0.10321737710272738,-0.18782309017805865,0.16886846639862146,0.11768740813326801,-0.0,12,140,0.003446295232624852
153,9.0,0.8,0.2,0.5,100.0,0.02,250.0,0.9,5.0,"[1, 3, 1, 3, 1]","[[0], [1, 2, 3], [4], [5, 6, 7], [8]]",225.92,28.018,1.747,1.783,1.439,0.243,2.0,True,[2.0591260281974],0.07757635146170183,-0.17346352670878806,0.13957495692130958,0.1143965376449453,-0.0,9,180,0.003446295232624852
154,9.0,0.8,0.2,0.5,100.0,0.02,250.0,0.9,5.0,"[1, 3, 1, 2, 2]","[[0], [1, 2, 3], [4], [5, 6], [7, 8]]",231.84,17.767,1.747,1.783,1.478,0.123,2.0,True,[2.1023796041628637],0.053405193532581996,-0.15106260769672608,0.07064905226881102,0.07254205454842398,-0.0,12,174,0.003446295232624852
155,9.0,0.8,0.2,0.5,100.0,0.02,250.0,0.9,6.0,"[1, 3, 1, 2, 1, 1]","[[0], [1, 2, 3], [4], [5, 6], [7], [8]]",238.45,25.849,1.747,1.783,1.441,0.243,2.0,True,[2.1023796041628637],0.026416789155642606,-0.17231476163124637,0.13957495692130958,0.10554058468071208,-0.0,6,513,0.003446295232624852
156,9.0,0.8,0.2,0.5,100.0,0.02,250.0,0.9,5.0,"[1, 3, 1, 1, 3]","[[0], [1, 2, 3], [4], [5], [6, 7, 8]]",224.6,23.17,1.747,1.783,1.727,0.146,3.0,True,"[1.5524174696260025, 1.5033296378372907, 0.1]",0.08296586640535686,-0.008041355542791506,0.08385985066053991,0.09460231912461213,-0.0,9,168,0.003446295232624852
157,9.0,0.8,0.2,0.5,100.0,0.02,250.0,0.9,6.0,"[1, 3, 1, 1, 2, 1]","[[0], [1, 2, 3], [4], [5], [6, 7], [8]]",227.46,24.575,1.747,1.783,1.741,0.0,1.0,True,[],0.07128858402743743,0.0,0.0,0.10033888616691165,0.0,6,495,0.003446295232624852
158,9.0,0.8,0.2,0.5,100.0,0.02,250.0,0.9,6.0,"[1, 3, 1, 1, 1, 2]","[[0], [1, 2, 3], [4], [5], [6], [7, 8]]",242.04,18.789,1.747,1.783,1.697,0.25,3.0,True,"[1.5524174696260025, 1.503329637837291, 0.1]",0.011758941695247382,-0.02527283170591621,0.14359563469270534,0.07671484566389027,-0.0,6,489,0.003446295232624852
159,9.0,0.8,0.2,0.5,100.0,0.02,250.0,0.9,7.0,"[1, 3, 1, 1, 1, 1, 1]","[[0], [1, 2, 3], [4], [5], [6], [7], [8]]",238.76,17.879,1.747,1.783,1.653,0.348,3.0,True,"[1.5524174696260025, 1.503329637837291, 0.1]",0.02515106973705694,-0.05054566341183231,0.1998851234922458,0.07299934672546138,-0.0,3,1458,0.003446295232624852
160,9.0,0.8,0.2,0.5,100.0,0.02,250.0,0.9,3.0,"[1, 2, 6]","[[0], [1, 2], [3, 4, 5, 6, 7, 8]]",209.54,31.02,1.747,1.783,0.968,0.0,1.0,True,[],0.14445533235342156,-0.44399770246984493,0.0,0.12665360117589416,-0.0,12,66,0.003446295232624852
161,9.0,0.8,0.2,0.5,100.0,0.02,250.0,0.9,4.0,"[1, 2, 5, 1]","[[0], [1, 2], [3, 4, 5, 6, 7], [8]]",213.52,25.445,1.747,1.783,0.976,0.0,1.0,True,[],0.12820512820512808,-0.4394026421596784,0.0,0.10389106647068432,-0.0,10,225,0.003446295232624852
162,9.0,0.8,0.2,0.5,100.0,0.02,250.0,0.9,4.0,"[1, 2, 4, 2]","[[0], [1, 2], [3, 4, 5, 6], [7, 8]]",219.44,25.749,1.747,1.783,1.009,0.0,4.0,True,"[0.1414213562373095, 0.09999999999999998, 0.1732050807568877, 0.1732050807568877, 0.09999999999999998, 0.1414213562373095]",0.10403397027600847,-0.4204480183802414,0.0,0.10513228809407153,-0.0,16,116,0.003446295232624852
163,9.0,0.8,0.2,0.5,100.0,0.02,250.0,0.9,5.0,"[1, 2, 4, 1, 1]","[[0], [1, 2], [3, 4, 5, 6], [7], [8]]",235.73,29.162,1.747,1.783,1.155,0.001,1.0,True,[],0.03752245631226525,-0.33658816771970135,0.0005743825387708214,0.11906745059611303,-0.0,8,448,0.003446295232624852
164,9.0,0.8,0.2,0.5,100.0,0.02,250.0,0.9,4.0,"[1, 2, 3, 3]","[[0], [1, 2], [3, 4, 5], [6, 7, 8]]",214.51,23.375,1.747,1.783,1.114,0.0,1.0,True,[],0.1241629919973869,-0.360137851809305,0.0,0.09543932712722522,-0.0,18,51,0.003446295232624852
165,9.0,0.8,0.2,0.5,100.0,0.02,250.0,0.9,5.0,"[1, 2, 3, 2, 1]","[[0], [1, 2], [3, 4, 5], [6, 7], [8]]",225.94,23.722,1.747,1.783,1.223,0.0,2.0,True,[0.09999999999999998],0.07749469214437366,-0.2975301550832855,0.0,0.09685611628286789,-0.0,12,144,0.003446295232624852
166,9.0,0.8,0.2,0.5,100.0,0.02,250.0,0.9,5.0,"[1, 2, 3, 1, 2]","[[0], [1, 2], [3, 4, 5], [6], [7, 8]]",228.48,20.674,1.747,1.783,1.733,0.0,1.0,True,[],0.06712395884370403,-0.004595060310166543,0.0,0.08441123632206435,-0.0,12,138,0.003446295232624852
167,9.0,0.8,0.2,0.5,100.0,0.02,250.0,0.9,6.0,"[1, 2, 3, 1, 1, 1]","[[0], [1, 2], [3, 4, 5], [6], [7], [8]]",230.36,24.89,1.747,1.783,1.733,0.0,2.0,True,[0.09999999999999998],0.05944798301486187,-0.004595060310166543,0.0,0.10162502041482933,-0.0,6,405,0.003446295232624852
168,9.0,0.8,0.2,0.5,100.0,0.02,250.0,0.9,4.0,"[1, 2, 2, 4]","[[0], [1, 2], [3, 4], [5, 6, 7, 8]]",229.1,22.021,1.747,1.783,1.581,0.0,1.0,True,[],0.0645925200065327,-0.09190120620333153,0.0,0.08991099134411237,-0.0,16,92,0.003446295232624852
169,9.0,0.8,0.2,0.5,100.0,0.02,250.0,0.9,5.0,"[1, 2, 2, 3, 1]","[[0], [1, 2], [3, 4], [5, 6, 7], [8]]",231.85,23.519,1.747,1.783,1.581,0.0,1.0,True,[],0.053364363873917964,-0.09190120620333153,0.0,0.09602727421198759,-0.0,12,126,0.003446295232624852
170,9.0,0.8,0.2,0.5,100.0,0.02,250.0,0.9,5.0,"[1, 2, 2, 2, 2]","[[0], [1, 2], [3, 4], [5, 6], [7, 8]]",223.5,22.693,1.747,1.783,1.61,0.0,1.0,True,[],0.08745712885840273,-0.07524411257897756,0.0,0.09265474440633677,-0.0,16,30,0.003446295232624852
171,9.0,0.8,0.2,0.5,100.0,0.02,250.0,0.9,6.0,"[1, 2, 2, 2, 1, 1]","[[0], [1, 2], [3, 4], [5, 6], [7], [8]]",227.19,21.376,1.747,1.783,1.61,0.0,1.0,True,[],0.07239098481136697,-0.07524411257897756,0.0,0.08727747836028092,-0.0,8,56,0.003446295232624852
172,9.0,0.8,0.2,0.5,100.0,0.02,250.0,0.9,5.0,"[1, 2, 2, 1, 3]","[[0], [1, 2], [3, 4], [5], [6, 7, 8]]",223.45,22.802,1.747,1.783,1.733,0.0,1.0,True,[],0.087661277151723,-0.004595060310166543,0.0,0.09309978768577495,-0.0,12,114,0.003446295232624852
173,9.0,0.8,0.2,0.5,100.0,0.02,250.0,0.9,6.0,"[1, 2, 2, 1, 2, 1]","[[0], [1, 2], [3, 4], [5], [6, 7], [8]]",224.15,23.956,1.747,1.783,1.733,0.0,1.0,True,[],0.0848032010452392,-0.004595060310166543,0.0,0.09781153029560673,-0.0,8,52,0.003446295232624852
174,9.0,0.8,0.2,0.5,100.0,0.02,250.0,0.9,6.0,"[1, 2, 2, 1, 1, 2]","[[0], [1, 2], [3, 4], [5], [6], [7, 8]]",242.92,15.611,1.747,1.783,1.735,0.0,1.0,True,[],0.00816593173281066,-0.003446295232624963,0.0,0.06373918014045403,-0.0,8,50,0.003446295232624852
175,9.0,0.8,0.2,0.5,100.0,0.02,250.0,0.9,7.0,"[1, 2, 2, 1, 1, 1, 1]","[[0], [1, 2], [3, 4], [5], [6], [7], [8]]",236.91,17.082,1.747,1.783,1.736,0.0,1.0,True,[],0.0327045565899069,-0.0028719126938542283,0.0,0.06974522292993632,-0.0,4,96,0.003446295232624852
176,9.0,0.8,0.2,0.5,100.0,0.02,250.0,0.9,4.0,"[1, 2, 1, 5]","[[0], [1, 2], [3], [4, 5, 6, 7, 8]]",220.59,27.799,1.747,1.783,1.437,0.0,1.0,True,[],0.09933855952964232,-0.17461229178632975,0.0,0.11350236812020252,-0.0,10,145,0.003446295232624852
177,9.0,0.8,0.2,0.5,100.0,0.02,250.0,0.9,5.0,"[1, 2, 1, 4, 1]","[[0], [1, 2], [3], [4, 5, 6, 7], [8]]",222.69,24.638,1.747,1.783,1.438,0.0,1.0,True,[],0.09076433121019101,-0.1740379092475589,0.0,0.1005961130164952,-0.0,8,304,0.003446295232624852
178,9.0,0.8,0.2,0.5,100.0,0.02,250.0,0.9,5.0,"[1, 2, 1, 3, 2]","[[0], [1, 2], [3], [4, 5, 6], [7, 8]]",219.93,21.368,1.747,1.783,1.444,0.0,1.0,True,[],0.10203331700146978,-0.17059161401493406,0.0,0.08724481463334967,-0.0,12,102,0.003446295232624852
179,9.0,0.8,0.2,0.5,100.0,0.02,250.0,0.9,6.0,"[1, 2, 1, 3, 1, 1]","[[0], [1, 2], [3], [4, 5, 6], [7], [8]]",237.82,21.523,1.747,1.783,1.444,0.0,1.0,True,[],0.028989057651477967,-0.17059161401493406,0.0,0.0878776743426425,-0.0,6,297,0.003446295232624852
180,9.0,0.8,0.2,0.5,100.0,0.02,250.0,0.9,5.0,"[1, 2, 1, 2, 3]","[[0], [1, 2], [3], [4, 5], [6, 7, 8]]",215.04,23.678,1.747,1.783,1.581,0.0,1.0,True,[],0.12199902008819208,-0.09190120620333153,0.0,0.09667646578474605,-0.0,12,96,0.003446295232624852
181,9.0,0.8,0.2,0.5,100.0,0.02,250.0,0.9,6.0,"[1, 2, 1, 2, 2, 1]","[[0], [1, 2], [3], [4, 5], [6, 7], [8]]",216.58,27.879,1.747,1.783,1.581,0.0,1.0,True,[],0.11571125265392768,-0.09190120620333153,0.0,0.11382900538951496,-0.0,8,44,0.003446295232624852
182,9.0,0.8,0.2,0.5,100.0,0.02,250.0,0.9,6.0,"[1, 2, 1, 2, 1, 2]","[[0], [1, 2], [3], [4, 5], [6], [7, 8]]",250.44,20.808,1.747,1.783,1.687,0.0,1.0,True,[],-0.022537971582557548,-0.031016657093624334,0.0,0.08495835374816267,0.0,8,42,0.003446295232624852
183,9.0,0.8,0.2,0.5,100.0,0.02,250.0,0.9,7.0,"[1, 2, 1, 2, 1, 1, 1]","[[0], [1, 2], [3], [4, 5], [6], [7], [8]]",253.97,24.801,1.747,1.783,1.685,0.0,2.0,True,[0.09999999999999998],-0.03695084109096847,-0.032165422171166025,0.0,0.10126163645271925,0.0,4,80,0.003446295232624852
184,9.0,0.8,0.2,0.5,100.0,0.02,250.0,0.9,5.0,"[1, 2, 1, 1, 4]","[[0], [1, 2], [3], [4], [5, 6, 7, 8]]",218.82,24.318,1.747,1.783,1.516,0.0,1.0,True,[],0.1065654091131798,-0.12923607122343483,0.0,0.09928956393924548,-0.0,8,268,0.003446295232624852
185,9.0,0.8,0.2,0.5,100.0,0.02,250.0,0.9,6.0,"[1, 2, 1, 1, 3, 1]","[[0], [1, 2], [3], [4], [5, 6, 7], [8]]",220.32,29.169,1.747,1.783,1.516,0.0,1.0,True,[],0.10044096031357175,-0.12923607122343483,0.0,0.11909603135717786,-0.0,6,261,0.003446295232624852
186,9.0,0.8,0.2,0.5,100.0,0.02,250.0,0.9,6.0,"[1, 2, 1, 1, 2, 2]","[[0], [1, 2], [3], [4], [5, 6], [7, 8]]",222.87,22.234,1.747,1.783,1.517,0.0,1.0,True,[],0.0900293973542381,-0.1286616886846641,0.0,0.09078066307365672,-0.0,8,38,0.003446295232624852
187,9.0,0.8,0.2,0.5,100.0,0.02,250.0,0.9,7.0,"[1, 2, 1, 1, 2, 1, 1]","[[0], [1, 2], [3], [4], [5, 6], [7], [8]]",220.49,24.302,1.747,1.783,1.517,0.0,1.0,True,[],0.09974685611628276,-0.1286616886846641,0.0,0.09922423648538299,-0.0,4,72,0.003446295232624852
188,9.0,0.8,0.2,0.5,100.0,0.02,250.0,0.9,6.0,"[1, 2, 1, 1, 1, 3]","[[0], [1, 2], [3], [4], [5], [6, 7, 8]]",234.86,20.903,1.747,1.783,1.741,0.0,1.0,True,[],0.04107463661603783,0.0,0.0,0.08534623550547117,0.0,6,249,0.003446295232624852
189,9.0,0.8,0.2,0.5,100.0,0.02,250.0,0.9,7.0,"[1, 2, 1, 1, 1, 2, 1]","[[0], [1, 2], [3], [4], [5], [6, 7], [8]]",236.05,20.353,1.747,1.783,1.741,0.0,1.0,True,[],0.03621590723501544,0.0,0.0,0.08310060427894823,0.0,4,68,0.003446295232624852
190,9.0,0.8,0.2,0.5,100.0,0.02,250.0,0.9,7.0,"[1, 2, 1, 1, 1, 1, 2]","[[0], [1, 2], [3], [4], [5], [6], [7, 8]]",248.56,17.295,1.747,1.783,1.74,0.0,1.0,True,[],-0.014861995753715496,-0.0005743825387708457,0.0,0.07061489465948066,0.0,4,66,0.003446295232624852
191,9.0,0.8,0.2,0.5,100.0,0.02,250.0,0.9,8.0,"[1, 2, 1, 1, 1, 1, 1, 1]","[[0], [1, 2], [3], [4], [5], [6], [7], [8]]",244.13,17.868,1.747,1.783,1.741,0.0,1.0,True,[],0.00322554303446021,0.0,0.0,0.07295443410093091,0.0,2,128,0.003446295232624852
192,9.0,0.8,0.2,0.5,100.0,0.02,250.0,0.9,3.0,"[1, 1, 7]","[[0], [1], [2, 3, 4, 5, 6, 7, 8]]",215.99,28.9,1.747,1.783,0.912,0.0,1.0,True,[],0.11812020251510691,-0.47616312464101096,0.0,0.11799771353911481,-0.0,7,42,0.003446295232624852
193,9.0,0.8,0.2,0.5,100.0,0.02,250.0,0.9,4.0,"[1, 1, 6, 1]","[[0], [1], [2, 3, 4, 5, 6, 7], [8]]",223.04,30.854,1.747,1.783,1.327,0.0,1.0,True,[],0.08933529315694921,-0.2377943710511201,0.0,0.1259758288420709,-0.0,6,180,0.003446295232624852
194,9.0,0.8,0.2,0.5,100.0,0.02,250.0,0.9,4.0,"[1, 1, 5, 2]","[[0], [1], [2, 3, 4, 5, 6], [7, 8]]",219.44,27.208,1.747,1.783,1.337,0.0,1.0,True,[],0.10403397027600847,-0.23205054566341188,0.0,0.11108933529315695,-0.0,10,105,0.003446295232624852
195,9.0,0.8,0.2,0.5,100.0,0.02,250.0,0.9,5.0,"[1, 1, 5, 1, 1]","[[0], [1], [2, 3, 4, 5, 6], [7], [8]]",243.59,22.178,1.747,1.783,1.53,0.0,1.0,True,[],0.005430344602319059,-0.12119471568064333,0.0,0.09055201698513801,-0.0,5,500,0.003446295232624852
196,9.0,0.8,0.2,0.5,100.0,0.02,250.0,0.9,4.0,"[1, 1, 4, 3]","[[0], [1], [2, 3, 4, 5], [6, 7, 8]]",219.42,25.717,1.747,1.783,1.387,0.0,1.0,True,[],0.10411562959333664,-0.20333141872487082,0.0,0.10500163318634656,-0.0,12,56,0.003446295232624852
197,9.0,0.8,0.2,0.5,100.0,0.02,250.0,0.9,5.0,"[1, 1, 4, 2, 1]","[[0], [1], [2, 3, 4, 5], [6, 7], [8]]",213.64,31.17,1.747,1.783,1.425,0.0,2.0,True,[0.1],0.12771517230115959,-0.18150488225157957,0.0,0.12726604605585498,-0.0,8,208,0.003446295232624852
198,9.0,0.8,0.2,0.5,100.0,0.02,250.0,0.9,5.0,"[1, 1, 4, 1, 2]","[[0], [1], [2, 3, 4, 5], [6], [7, 8]]",234.53,23.826,1.747,1.783,1.749,0.0,1.0,True,[],0.04242201535195156,0.004595060310166543,0.0,0.09728074473297404,0.0001949317190210284,8,196,0.003446295232624852
199,9.0,0.8,0.2,0.5,100.0,0.02,250.0,0.9,6.0,"[1, 1, 4, 1, 1, 1]","[[0], [1], [2, 3, 4, 5], [6], [7], [8]]",232.14,20.036,1.747,1.783,1.748,0.0,1.0,True,[],0.052180303772660475,0.004020677771395587,0.0,0.08180630409929773,0.00020980018748340524,4,768,0.003446295232624852
200,9.0,0.8,0.2,0.5,100.0,0.02,250.0,0.9,4.0,"[1, 1, 3, 4]","[[0], [1], [2, 3, 4], [5, 6, 7, 8]]",242.48,26.864,1.747,1.783,1.553,0.0,1.0,True,[],0.009962436714029077,-0.10798391728891454,0.0,0.10968479503511351,-0.0,12,44,0.003446295232624852
201,9.0,0.8,0.2,0.5,100.0,0.02,250.0,0.9,5.0,"[1, 1, 3, 3, 1]","[[0], [1], [2, 3, 4], [5, 6, 7], [8]]",245.2,25.449,1.747,1.783,1.554,0.0,1.0,True,[],-0.001143230442593568,-0.10740953475014359,0.0,0.10390739833414994,0.0,9,72,0.003446295232624852
202,9.0,0.8,0.2,0.5,100.0,0.02,250.0,0.9,5.0,"[1, 1, 3, 2, 2]","[[0], [1], [2, 3, 4], [5, 6], [7, 8]]",234.24,21.732,1.747,1.783,1.597,0.0,1.0,True,[],0.04360607545320916,-0.08271108558299833,0.0,0.08873101420872122,-0.0,12,66,0.003446295232624852
203,9.0,0.8,0.2,0.5,100.0,0.02,250.0,0.9,6.0,"[1, 1, 3, 2, 1, 1]","[[0], [1], [2, 3, 4], [5, 6], [7], [8]]",230.22,25.019,1.747,1.783,1.597,0.0,1.0,True,[],0.060019598236158656,-0.08271108558299833,0.0,0.10215172301159563,-0.0,6,189,0.003446295232624852
204,9.0,0.8,0.2,0.5,100.0,0.02,250.0,0.9,5.0,"[1, 1, 3, 1, 3]","[[0], [1], [2, 3, 4], [5], [6, 7, 8]]",219.96,23.521,1.747,1.783,1.731,0.0,1.0,True,[],0.10191082802547757,-0.005743825387708235,0.0,0.09603544014372041,-0.0,9,60,0.003446295232624852
205,9.0,0.8,0.2,0.5,100.0,0.02,250.0,0.9,6.0,"[1, 1, 3, 1, 2, 1]","[[0], [1], [2, 3, 4], [5], [6, 7], [8]]",218.81,22.079,1.747,1.783,1.731,0.0,1.0,True,[],0.10660623877184383,-0.005743825387708235,0.0,0.09014780336436388,-0.0,6,171,0.003446295232624852
206,9.0,0.8,0.2,0.5,100.0,0.02,250.0,0.9,6.0,"[1, 1, 3, 1, 1, 2]","[[0], [1], [2, 3, 4], [5], [6], [7, 8]]",236.83,18.616,1.747,1.783,1.734,0.0,1.0,True,[],0.033031193859219266,-0.004020677771395809,0.0,0.07600849256900212,-0.0,6,165,0.003446295232624852
207,9.0,0.8,0.2,0.5,100.0,0.02,250.0,0.9,7.0,"[1, 1, 3, 1, 1, 1, 1]","[[0], [1], [2, 3, 4], [5], [6], [7], [8]]",233.06,19.807,1.747,1.783,1.734,0.0,1.0,True,[],0.04842397517556751,-0.004020677771395809,0.0,0.0808713049158909,-0.0,3,486,0.003446295232624852
208,9.0,0.8,0.2,0.5,100.0,0.02,250.0,0.9,4.0,"[1, 1, 2, 5]","[[0], [1], [2, 3], [4, 5, 6, 7, 8]]",211.46,24.34,1.747,1.783,1.437,0.0,1.0,True,[],0.13661603788992316,-0.17461229178632975,0.0,0.0993793891883064,-0.0,10,45,0.003446295232624852
209,9.0,0.8,0.2,0.5,100.0,0.02,250.0,0.9,5.0,"[1, 1, 2, 4, 1]","[[0], [1], [2, 3], [4, 5, 6, 7], [8]]",211.16,26.81,1.747,1.783,1.437,0.0,1.0,True,[],0.1378409276498448,-0.17461229178632975,0.0,0.10946431487832761,-0.0,8,112,0.003446295232624852
210,9.0,0.8,0.2,0.5,100.0,0.02,250.0,0.9,5.0,"[1, 1, 2, 3, 2]","[[0], [1], [2, 3], [4, 5, 6], [7, 8]]",220.21,21.778,1.747,1.783,1.442,0.0,1.0,True,[],0.10089008655887632,-0.17174037909247564,0.0,0.08891883063857586,-0.0,12,48,0.003446295232624852
211,9.0,0.8,0.2,0.5,100.0,0.02,250.0,0.9,6.0,"[1, 1, 2, 3, 1, 1]","[[0], [1], [2, 3], [4, 5, 6], [7], [8]]",234.06,19.693,1.747,1.783,1.442,0.0,1.0,True,[],0.04434100930916207,-0.17174037909247564,0.0,0.0804058468071207,-0.0,6,135,0.003446295232624852
212,9.0,0.8,0.2,0.5,100.0,0.02,250.0,0.9,5.0,"[1, 1, 2, 2, 3]","[[0], [1], [2, 3], [4, 5], [6, 7, 8]]",224.31,26.7,1.747,1.783,1.567,0.0,2.0,True,[0.1],0.08414992650661435,-0.09994256174612304,0.0,0.10901518863302304,-0.0,12,42,0.003446295232624852
213,9.0,0.8,0.2,0.5,100.0,0.02,250.0,0.9,6.0,"[1, 1, 2, 2, 2, 1]","[[0], [1], [2, 3], [4, 5], [6, 7], [8]]",217.25,28.222,1.747,1.783,1.567,0.0,2.0,True,[0.1],0.11297566552343619,-0.09994256174612304,0.0,0.11522946268169199,-0.0,8,28,0.003446295232624852
214,9.0,0.8,0.2,0.5,100.0,0.02,250.0,0.9,6.0,"[1, 1, 2, 2, 1, 2]","[[0], [1], [2, 3], [4, 5], [6], [7, 8]]",251.48,19.667,1.747,1.783,1.692,0.0,1.0,True,[],-0.026784256083619118,-0.028144744399770327,0.0,0.08029968969459417,0.0,8,26,0.003446295232624852
215,9.0,0.8,0.2,0.5,100.0,0.02,250.0,0.9,7.0,"[1, 1, 2, 2, 1, 1, 1]","[[0], [1], [2, 3], [4, 5], [6], [7], [8]]",254.7,18.948,1.747,1.783,1.69,0.0,1.0,True,[],-0.03993140617344437,-0.02929350947731202,0.0,0.07736403723664871,0.0,4,48,0.003446295232624852
216,9.0,0.8,0.2,0.5,100.0,0.02,250.0,0.9,5.0,"[1, 1, 2, 1, 4]","[[0], [1], [2, 3], [4], [5, 6, 7, 8]]",230.95,20.142,1.747,1.783,1.5,0.0,2.0,True,[0.1],0.05703903315368286,-0.13842619184376803,0.0,0.0822390984811367,-0.0,8,76,0.003446295232624852
217,9.0,0.8,0.2,0.5,100.0,0.02,250.0,0.9,6.0,"[1, 1, 2, 1, 3, 1]","[[0], [1], [2, 3], [4], [5, 6, 7], [8]]",229.79,21.635,1.747,1.783,1.5,0.0,2.0,True,[0.1],0.06177527355871304,-0.13842619184376803,0.0,0.08833496651967991,-0.0,6,99,0.003446295232624852
218,9.0,0.8,0.2,0.5,100.0,0.02,250.0,0.9,6.0,"[1, 1, 2, 1, 2, 2]","[[0], [1], [2, 3], [4], [5, 6], [7, 8]]",230.79,20.246,1.747,1.783,1.502,0.0,2.0,True,[0.1],0.05769230769230771,-0.13727742676622634,0.0,0.08266372693124285,-0.0,8,22,0.003446295232624852
219,9.0,0.8,0.2,0.5,100.0,0.02,250.0,0.9,7.0,"[1, 1, 2, 1, 2, 1, 1]","[[0], [1], [2, 3], [4], [5, 6], [7], [8]]",230.6,19.461,1.747,1.783,1.502,0.0,2.0,True,[0.1],0.058468071206924654,-0.13727742676622634,0.0,0.07945859872611465,-0.0,4,40,0.003446295232624852
220,9.0,0.8,0.2,0.5,100.0,0.02,250.0,0.9,6.0,"[1, 1, 2, 1, 1, 3]","[[0], [1], [2, 3], [4], [5], [6, 7, 8]]",231.86,18.456,1.747,1.783,1.741,0.0,1.0,True,[],0.05332353421525382,0.0,0.0,0.07535521803037727,0.0,6,87,0.003446295232624852
221,9.0,0.8,0.2,0.5,100.0,0.02,250.0,0.9,7.0,"[1, 1, 2, 1, 1, 2, 1]","[[0], [1], [2, 3], [4], [5], [6, 7], [8]]",231.81,17.555,1.747,1.783,1.741,0.0,1.0,True,[],0.053527682508574204,0.0,0.0,0.07167646578474604,0.0,4,36,0.003446295232624852
222,9.0,0.8,0.2,0.5,100.0,0.02,250.0,0.9,7.0,"[1, 1, 2, 1, 1, 1, 2]","[[0], [1], [2, 3], [4], [5], [6], [7, 8]]",244.79,15.093,1.747,1.783,1.741,0.0,1.0,True,[],0.0005307855626326408,0.0,0.0,0.06162420382165605,0.0,4,34,0.003446295232624852
223,9.0,0.8,0.2,0.5,100.0,0.02,250.0,0.9,8.0,"[1, 1, 2, 1, 1, 1, 1, 1]","[[0], [1], [2, 3], [4], [5], [6], [7], [8]]",245.98,15.504,1.747,1.783,1.741,0.0,1.0,True,[],-0.004327943818389635,0.0,0.0,0.06330230279274865,-0.0,2,64,0.003446295232624852
224,9.0,0.8,0.2,0.5,100.0,0.02,250.0,0.9,4.0,"[1, 1, 1, 6]","[[0], [1], [2], [3, 4, 5, 6, 7, 8]]",206.87,30.67,1.747,1.783,1.117,0.0,2.0,True,[0.09999999999999998],0.1553568512167237,-0.3584147041929926,0.0,0.12522456312265232,-0.0,6,30,0.003446295232624852
225,9.0,0.8,0.2,0.5,100.0,0.02,250.0,0.9,5.0,"[1, 1, 1, 5, 1]","[[0], [1], [2], [3, 4, 5, 6, 7], [8]]",217.24,23.886,1.747,1.783,1.209,0.0,1.0,True,[],0.11301649518210022,-0.305571510626077,0.0,0.09752572268495835,-0.0,5,100,0.003446295232624852
226,9.0,0.8,0.2,0.5,100.0,0.02,250.0,0.9,5.0,"[1, 1, 1, 4, 2]","[[0], [1], [2], [3, 4, 5, 6], [7, 8]]",220.72,25.194,1.747,1.783,1.41,0.0,1.0,True,[],0.09880777396700957,-0.19012062033314192,0.0,0.10286624203821657,-0.0,8,52,0.003446295232624852
227,9.0,0.8,0.2,0.5,100.0,0.02,250.0,0.9,6.0,"[1, 1, 1, 4, 1, 1]","[[0], [1], [2], [3, 4, 5, 6], [7], [8]]",263.07,37.414,1.747,1.783,1.456,0.0,1.0,True,[],-0.07410583047525732,-0.16369902354968413,0.0,0.15276008492569004,0.0,4,192,0.003446295232624852
228,9.0,0.8,0.2,0.5,100.0,0.02,250.0,0.9,5.0,"[1, 1, 1, 3, 3]","[[0], [1], [2], [3, 4, 5], [6, 7, 8]]",219.62,23.318,1.747,1.783,1.45,0.0,1.0,True,[],0.10329903642005545,-0.1671453187823091,0.0,0.09520659807284013,-0.0,9,24,0.003446295232624852
229,9.0,0.8,0.2,0.5,100.0,0.02,250.0,0.9,6.0,"[1, 1, 1, 3, 2, 1]","[[0], [1], [2], [3, 4, 5], [6, 7], [8]]",221.66,26.36,1.747,1.783,1.451,0.0,1.0,True,[],0.09496978605258855,-0.16657093624353825,0.0,0.1076269802384452,-0.0,6,63,0.003446295232624852
230,9.0,0.8,0.2,0.5,100.0,0.02,250.0,0.9,6.0,"[1, 1, 1, 3, 1, 2]","[[0], [1], [2], [3, 4, 5], [6], [7, 8]]",254.26,27.666,1.747,1.783,1.73,0.0,2.0,True,[0.1],-0.03813490119222607,-0.00631820792647908,0.0,0.11295933365997061,0.0,6,57,0.003446295232624852
231,9.0,0.8,0.2,0.5,100.0,0.02,250.0,0.9,7.0,"[1, 1, 1, 3, 1, 1, 1]","[[0], [1], [2], [3, 4, 5], [6], [7], [8]]",247.11,30.942,1.747,1.783,1.73,0.0,2.0,True,[0.1],-0.008941695247427939,-0.00631820792647908,0.0,0.12633512983831455,0.0,3,162,0.003446295232624852
232,9.0,0.8,0.2,0.5,100.0,0.02,250.0,0.9,5.0,"[1, 1, 1, 2, 4]","[[0], [1], [2], [3, 4], [5, 6, 7, 8]]",477.21,41.884,1.747,1.783,1.318,0.0,1.0,True,[],-0.9484321411073005,-0.2429638139000575,0.0,0.171010942348522,0.0,8,28,0.003446295232624852
233,9.0,0.8,0.2,0.5,100.0,0.02,250.0,0.9,6.0,"[1, 1, 1, 2, 3, 1]","[[0], [1], [2], [3, 4], [5, 6, 7], [8]]",506.34,30.804,1.747,1.783,1.322,0.0,1.0,True,[],-1.0673689367956882,-0.24066628374497412,0.0,0.12577168054875063,0.0,6,45,0.003446295232624852
234,9.0,0.8,0.2,0.5,100.0,0.02,250.0,0.9,6.0,"[1, 1, 1, 2, 2, 2]","[[0], [1], [2], [3, 4], [5, 6], [7, 8]]",287.85,32.644,1.747,1.783,1.575,0.0,1.0,True,[],-0.1752817246447822,-0.09534750143595638,0.0,0.13328433774293647,0.0,8,14,0.003446295232624852
235,9.0,0.8,0.2,0.5,100.0,0.02,250.0,0.9,7.0,"[1, 1, 1, 2, 2, 1, 1]","[[0], [1], [2], [3, 4], [5, 6], [7], [8]]",281.15,31.679,1.747,1.783,1.574,0.0,1.0,True,[],-0.14792585333986596,-0.09592188397472723,0.0,0.1293442756818553,0.0,4,24,0.003446295232624852
236,9.0,0.8,0.2,0.5,100.0,0.02,250.0,0.9,6.0,"[1, 1, 1, 2, 1, 3]","[[0], [1], [2], [3, 4], [5], [6, 7, 8]]",226.62,22.326,1.747,1.783,1.733,0.0,1.0,True,[],0.07471827535521791,-0.004595060310166543,0.0,0.09115629593336601,-0.0,6,33,0.003446295232624852
237,9.0,0.8,0.2,0.5,100.0,0.02,250.0,0.9,7.0,"[1, 1, 1, 2, 1, 2, 1]","[[0], [1], [2], [3, 4], [5], [6, 7], [8]]",228.3,22.202,1.747,1.783,1.733,0.0,1.0,True,[],0.06785889269965695,-0.004595060310166543,0.0,0.09065000816593174,-0.0,4,20,0.003446295232624852
238,9.0,0.8,0.2,0.5,100.0,0.02,250.0,0.9,7.0,"[1, 1, 1, 2, 1, 1, 2]","[[0], [1], [2], [3, 4], [5], [6], [7, 8]]",242.93,16.816,1.747,1.783,1.735,0.0,1.0,True,[],0.008125102074146628,-0.003446295232624963,0.0,0.06865915400947248,-0.0,4,18,0.003446295232624852
239,9.0,0.8,0.2,0.5,100.0,0.02,250.0,0.9,8.0,"[1, 1, 1, 2, 1, 1, 1, 1]","[[0], [1], [2], [3, 4], [5], [6], [7], [8]]",236.85,18.366,1.747,1.783,1.735,0.0,1.0,True,[],0.0329495345418912,-0.003446295232624963,0.0,0.07498775110240079,-0.0,2,32,0.003446295232624852
240,9.0,0.8,0.2,0.5,100.0,0.02,250.0,0.9,5.0,"[1, 1, 1, 1, 5]","[[0], [1], [2], [3], [4, 5, 6, 7, 8]]",216.97,25.554,1.747,1.783,1.439,0.0,1.0,True,[],0.11411889596602964,-0.17346352670878806,0.0,0.10433610975012249,-0.0,5,20,0.003446295232624852
241,9.0,0.8,0.2,0.5,100.0,0.02,250.0,0.9,6.0,"[1, 1, 1, 1, 4, 1]","[[0], [1], [2], [3], [4, 5, 6, 7], [8]]",215.86,25.5,1.747,1.783,1.439,0.0,1.0,True,[],0.11865098807773955,-0.17346352670878806,0.0,0.1041156295933366,-0.0,4,48,0.003446295232624852
242,9.0,0.8,0.2,0.5,100.0,0.02,250.0,0.9,6.0,"[1, 1, 1, 1, 3, 2]","[[0], [1], [2], [3], [4, 5, 6], [7, 8]]",221.07,23.52,1.747,1.783,1.445,0.0,1.0,True,[],0.09737873591376778,-0.1700172314761631,0.0,0.096031357177854,-0.0,6,21,0.003446295232624852
243,9.0,0.8,0.2,0.5,100.0,0.02,250.0,0.9,7.0,"[1, 1, 1, 1, 3, 1, 1]","[[0], [1], [2], [3], [4, 5, 6], [7], [8]]",233.6,23.323,1.747,1.783,1.446,0.0,1.0,True,[],0.04621917360770866,-0.16944284893739237,0.0,0.09522701290217214,-0.0,3,54,0.003446295232624852
244,9.0,0.8,0.2,0.5,100.0,0.02,250.0,0.9,6.0,"[1, 1, 1, 1, 2, 3]","[[0], [1], [2], [3], [4, 5], [6, 7, 8]]",215.42,27.436,1.747,1.783,1.581,0.0,1.0,True,[],0.12044749305895808,-0.09190120620333153,0.0,0.11202025151069737,-0.0,6,15,0.003446295232624852
245,9.0,0.8,0.2,0.5,100.0,0.02,250.0,0.9,7.0,"[1, 1, 1, 1, 2, 2, 1]","[[0], [1], [2], [3], [4, 5], [6, 7], [8]]",219.13,27.613,1.747,1.783,1.581,0.0,1.0,True,[],0.10529968969459413,-0.09190120620333153,0.0,0.11274293646905112,-0.0,4,12,0.003446295232624852
246,9.0,0.8,0.2,0.5,100.0,0.02,250.0,0.9,7.0,"[1, 1, 1, 1, 2, 1, 2]","[[0], [1], [2], [3], [4, 5], [6], [7, 8]]",249.87,20.059,1.747,1.783,1.687,0.0,1.0,True,[],-0.0202106810387066,-0.031016657093624334,0.0,0.08190021231422506,0.0,4,10,0.003446295232624852
247,9.0,0.8,0.2,0.5,100.0,0.02,250.0,0.9,8.0,"[1, 1, 1, 1, 2, 1, 1, 1]","[[0], [1], [2], [3], [4, 5], [6], [7], [8]]",251.22,19.97,1.747,1.783,1.685,0.0,2.0,True,[0.09999999999999998],-0.025722684958353836,-0.032165422171166025,0.0,0.08153682835211498,0.0,2,16,0.003446295232624852
248,9.0,0.8,0.2,0.5,100.0,0.02,250.0,0.9,6.0,"[1, 1, 1, 1, 1, 4]","[[0], [1], [2], [3], [4], [5, 6, 7, 8]]",221.55,24.511,1.747,1.783,1.516,0.0,1.0,True,[],0.09541891229789312,-0.12923607122343483,0.0,0.10007757635146171,-0.0,4,12,0.003446295232624852
249,9.0,0.8,0.2,0.5,100.0,0.02,250.0,0.9,7.0,"[1, 1, 1, 1, 1, 3, 1]","[[0], [1], [2], [3], [4], [5, 6, 7], [8]]",222.61,21.735,1.747,1.783,1.516,0.0,1.0,True,[],0.09109096847950338,-0.12923607122343483,0.0,0.08874326310632043,-0.0,3,18,0.003446295232624852
250,9.0,0.8,0.2,0.5,100.0,0.02,250.0,0.9,7.0,"[1, 1, 1, 1, 1, 2, 2]","[[0], [1], [2], [3], [4], [5, 6], [7, 8]]",222.46,22.963,1.747,1.783,1.517,0.0,1.0,True,[],0.09170341335946419,-0.1286616886846641,0.0,0.09375714519026622,-0.0,4,6,0.003446295232624852
251,9.0,0.8,0.2,0.5,100.0,0.02,250.0,0.9,8.0,"[1, 1, 1, 1, 1, 2, 1, 1]","[[0], [1], [2], [3], [4], [5, 6], [7], [8]]",220.0,21.114,1.747,1.783,1.517,0.0,1.0,True,[],0.10174750939082144,-0.1286616886846641,0.0,0.08620774130328271,-0.0,2,8,0.003446295232624852
252,9.0,0.8,0.2,0.5,100.0,0.02,250.0,0.9,7.0,"[1, 1, 1, 1, 1, 1, 3]","[[0], [1], [2], [3], [4], [5], [6, 7, 8]]",236.92,16.402,1.747,1.783,1.741,0.0,2.0,True,[0.1],0.032663726931242865,0.0,0.0,0.06696880614078067,0.0,3,6,0.003446295232624852
253,9.0,0.8,0.2,0.5,100.0,0.02,250.0,0.9,8.0,"[1, 1, 1, 1, 1, 1, 2, 1]","[[0], [1], [2], [3], [4], [5], [6, 7], [8]]",230.51,17.206,1.747,1.783,1.741,0.0,1.0,True,[],0.058835538134901166,0.0,0.0,0.07025151069737057,0.0,2,4,0.003446295232624852
254,9.0,0.8,0.2,0.5,100.0,0.02,250.0,0.9,8.0,"[1, 1, 1, 1, 1, 1, 1, 2]","[[0], [1], [2], [3], [4], [5], [6], [7, 8]]",248.22,14.465,1.747,1.783,1.74,0.0,1.0,True,[],-0.013473787359137734,-0.0005743825387708457,0.0,0.05906010125755349,0.0,2,2,0.003446295232624852
255,9.0,0.8,0.2,0.5,100.0,0.02,250.0,0.9,9.0,"[1, 1, 1, 1, 1, 1, 1, 1, 1]","[[0], [1], [2], [3], [4], [5], [6], [7], [8]]",244.92,17.442,1.747,1.783,1.741,0.0,1.0,True,[],0.0,0.0,0.0,0.07121509064184224,0.0,1,0,0.003446295232624852
